alpha,phi,h
0.000950,899.792460,90.160640
0.000420,899.782890,90.190970
0.000460,899.765050,90.202920
0.000340,899.708720,90.212300
0.000980,899.804360,90.159300
0.000900,899.840550,90.216680
0.000610,899.705670,90.247120
0.000600,899.718120,90.219020
0.000650,899.708810,90.244900
0.000880,899.775750,90.246130
0.000430,899.788420,90.206110
0.000380,899.855570,90.214220
0.000310,899.766810,90.227440
0.000840,899.889050,90.201130
0.000480,899.862510,90.226380
0.000910,899.749120,90.161910
0.000790,899.822330,90.200160
0.000930,899.708600,90.248890
0.000650,899.819450,90.211990
0.000330,899.735980,90.239200
0.000620,899.824170,90.180500
0.000960,899.876610,90.174300
0.000840,899.875260,90.162050
0.000770,899.805210,90.249540
0.000570,899.817740,90.225870
0.000420,899.757640,90.171940
0.000930,899.721690,90.245250
0.000800,899.859700,90.151590
0.000570,899.893580,90.224030
0.000560,899.705040,90.191460
0.000550,899.773460,90.185680
0.000580,899.838530,90.207270
0.000890,899.841170,90.221850
0.000880,899.856300,90.185080
0.000480,899.844510,90.173640
0.000600,899.778450,90.215550
0.000550,899.721100,90.220110
0.000380,899.723200,90.220820
0.000670,899.726980,90.174710
0.000450,899.778560,90.248720
0.000370,899.761180,90.180590
0.000410,899.768490,90.220940
0.000320,899.859990,90.245280
0.000480,899.761730,90.240110
0.000390,899.765700,90.238740
0.000740,899.816070,90.151330
0.000650,899.744950,90.229040
0.000880,899.810460,90.227900
0.000830,899.804720,90.218940
0.000480,899.761210,90.225530
0.000350,899.736840,90.177440
0.000390,899.735210,90.234900
0.000840,899.776040,90.246570
0.000760,899.852020,90.246100
0.000360,899.801120,90.181130
0.000360,899.811120,90.233660
0.000680,899.844740,90.189140
0.000710,899.811750,90.229040
0.000430,899.816560,90.158370
0.000630,899.866150,90.248930
0.000430,899.829210,90.190490
0.000770,899.888520,90.205070
0.000730,899.800140,90.230760
0.000660,899.704850,90.220400
0.000310,899.827690,90.158220
0.000670,899.841130,90.184730
0.000350,899.838120,90.161760
0.000350,899.854330,90.190900
0.000870,899.886070,90.248020
0.000300,899.828340,90.185650
0.000520,899.878520,90.176850
0.000710,899.744410,90.201510
0.000980,899.750430,90.160580
0.000770,899.808490,90.218160
0.000330,899.830700,90.153170
0.000500,899.760380,90.221350
0.000780,899.717700,90.150380
0.000560,899.816930,90.193240
0.000420,899.837550,90.223220
0.000670,899.736720,90.217280
0.000690,899.796920,90.182160
0.000740,899.798540,90.230650
0.000710,899.752110,90.229500
0.000370,899.771820,90.178770
0.000690,899.731420,90.202990
0.000600,899.827200,90.202210
0.000560,899.850340,90.170690
0.000740,899.778250,90.194300
0.000860,899.837520,90.222520
0.000820,899.881020,90.190270
0.000320,899.808170,90.211270
0.000380,899.730200,90.246620
0.000910,899.701210,90.180000
0.000510,899.728710,90.168980
0.000700,899.724300,90.195440
0.000930,899.733840,90.152620
0.000990,899.760010,90.187080
0.000990,899.894560,90.161490
0.000480,899.757560,90.213020
0.000770,899.735590,90.221750
0.000850,899.871210,90.156590
0.000730,899.779050,90.195070
0.000660,899.724010,90.163480
0.000580,899.737700,90.239610
0.000450,899.801130,90.151690
0.000370,899.729000,90.169180
0.000600,899.750750,90.240150
0.000870,899.724520,90.193040
0.000990,899.712260,90.243480
0.000750,899.890690,90.173950
0.000620,899.753940,90.244580
0.000570,899.744140,90.245990
0.000620,899.797040,90.154750
0.000990,899.842030,90.212110
0.000830,899.742990,90.222000
0.000620,899.704410,90.210000
0.000640,899.768240,90.247360
0.000680,899.757750,90.163290
0.000940,899.841850,90.163370
0.000450,899.891270,90.183350
0.000320,899.701650,90.184280
0.000790,899.787870,90.177620
0.000880,899.780020,90.190840
0.000710,899.860040,90.173590
0.000420,899.767750,90.248130
0.000660,899.810520,90.185690
0.000730,899.837860,90.163560
0.000760,899.841570,90.179270
0.000780,899.813470,90.192660
0.000780,899.768010,90.206130
0.001000,899.824440,90.187400
0.000570,899.743470,90.233620
0.000910,899.770990,90.161410
0.000550,899.898690,90.197000
0.000540,899.738880,90.176080
0.000440,899.780750,90.214250
0.000330,899.803720,90.231380
0.000620,899.888000,90.178120
0.000540,899.801220,90.240070
0.000820,899.882750,90.209160
0.000350,899.844010,90.169210
0.000540,899.756940,90.247190
0.000840,899.849870,90.151630
0.000450,899.708220,90.231540
0.000920,899.891360,90.192050
0.000400,899.810270,90.244410
0.000410,899.838730,90.228320
0.000340,899.757860,90.159950
0.000720,899.862440,90.185160
0.000840,899.839430,90.230880
0.000630,899.780820,90.227740
0.000590,899.800500,90.215150
0.000420,899.752200,90.218380
0.000720,899.731080,90.216900
0.000710,899.724370,90.192230
0.000650,899.794030,90.176480
0.000450,899.792530,90.160280
0.000820,899.782530,90.178920
0.000420,899.783480,90.168610
0.000890,899.872010,90.155150
0.000390,899.824480,90.170380
0.000670,899.858410,90.208730
0.000750,899.854770,90.224040
0.000960,899.853950,90.231440
0.000500,899.766470,90.204250
0.000330,899.847980,90.227880
0.000430,899.802960,90.177360
0.000850,899.801680,90.165490
0.000330,899.864470,90.166420
0.000880,899.708290,90.248820
0.000560,899.885680,90.181570
0.000860,899.815140,90.206370
0.000530,899.728010,90.169730
0.000570,899.806640,90.225320
0.000540,899.759590,90.249070
0.000590,899.800710,90.190480
0.000920,899.775100,90.153240
0.000550,899.882310,90.193050
0.000960,899.862010,90.199820
0.000800,899.744980,90.227320
0.000710,899.809940,90.242310
0.000600,899.751720,90.197900
0.000390,899.720230,90.168170
0.000450,899.785030,90.236070
0.000880,899.823360,90.180840
0.000880,899.838580,90.245340
0.000650,899.721280,90.185750
0.000440,899.849980,90.198120
0.000720,899.748260,90.242680
0.000690,899.737490,90.218870
0.000320,899.837370,90.197610
0.000740,899.869840,90.212600
0.000530,899.820500,90.216380
0.000830,899.788650,90.229560
0.000740,899.723350,90.162160
0.000570,899.815890,90.225150
0.000670,899.827550,90.156810
0.000610,899.746620,90.158510
0.000630,899.748910,90.213170
0.000460,899.823230,90.153090
0.000700,899.729490,90.165720
0.000810,899.853290,90.233300
0.000940,899.851580,90.153830
0.000910,899.728450,90.157740
0.000770,899.728030,90.221620
0.000410,899.760110,90.212020
0.000940,899.897690,90.236300
0.000490,899.836420,90.235920
0.000420,899.721890,90.160810
0.000510,899.769290,90.180910
0.000720,899.816850,90.191270
0.000610,899.789330,90.170590
0.000620,899.811750,90.156150
0.000490,899.835730,90.229590
0.000420,899.709030,90.166290
0.000300,899.747880,90.187860
0.000440,899.856790,90.180530
0.000350,899.733140,90.190000
0.000580,899.801310,90.152080
0.000390,899.710790,90.240610
0.000940,899.823600,90.242560
0.000830,899.732910,90.247890
0.000780,899.711380,90.153790
0.000480,899.734110,90.218380
0.000380,899.744390,90.233780
0.000560,899.823780,90.201290
0.000760,899.818120,90.187550
0.000310,899.726590,90.240460
0.000880,899.719170,90.232870
0.000470,899.753340,90.236860
0.000510,899.749690,90.163350
0.000380,899.720450,90.194620
0.000790,899.706920,90.238590
0.000650,899.702800,90.209340
0.000800,899.764800,90.223160
0.000460,899.839180,90.236740
0.000580,899.752200,90.170680
0.000690,899.813350,90.163530
0.000600,899.855840,90.190070
0.000850,899.842930,90.227580
0.000590,899.753390,90.166730
0.000470,899.874230,90.153970
0.000830,899.793430,90.176330
0.000590,899.764460,90.193430
0.000870,899.714880,90.206840
0.000910,899.803530,90.177010
0.000590,899.728650,90.154310
0.000370,899.851210,90.222260
0.000870,899.710800,90.155550
0.000450,899.805000,90.177770
0.000670,899.893060,90.241110
0.000860,899.866870,90.239920
0.000530,899.833140,90.186310
0.000520,899.897870,90.204190
0.000890,899.874920,90.218920
0.000620,899.743830,90.216040
0.000570,899.889300,90.195060
0.000390,899.738430,90.222240
0.000550,899.889750,90.185880
0.000740,899.749150,90.206040
0.000450,899.866860,90.236950
0.000630,899.733830,90.248540
0.000910,899.732290,90.212160
0.000420,899.862420,90.244580
0.000890,899.746830,90.209970
0.000390,899.876830,90.177030
0.000380,899.745940,90.212360
0.000940,899.885870,90.185200
0.000990,899.880300,90.180530
0.000710,899.723290,90.225200
0.000740,899.852490,90.177450
0.000520,899.815760,90.231130
0.000840,899.823680,90.243270
0.000460,899.892620,90.218770
0.000540,899.765020,90.200650
0.000870,899.880820,90.178580
0.000800,899.790430,90.186900
0.000330,899.848340,90.186740
0.000740,899.716850,90.224690
0.000450,899.706400,90.209020
0.000700,899.863160,90.195640
0.000910,899.893340,90.161070
0.000850,899.886140,90.233870
0.000680,899.823640,90.221940
0.000900,899.797500,90.226990
0.000570,899.850360,90.162580
0.000360,899.768480,90.173220
0.000520,899.862890,90.186070
0.000720,899.770170,90.232550
0.000940,899.839820,90.201120
0.000500,899.849930,90.180530
0.000600,899.896070,90.163560
0.001000,899.817360,90.212150
0.000490,899.806650,90.184220
0.000830,899.810810,90.176500
0.000900,899.743640,90.249970
0.000380,899.766970,90.232680
0.000480,899.861950,90.234990
0.000890,899.723430,90.164850
0.000360,899.859590,90.213480
0.000590,899.890550,90.239100
0.000940,899.749860,90.184510
0.000820,899.733410,90.152740
0.001000,899.770970,90.187420
0.000340,899.756000,90.157630
0.000990,899.838370,90.217510
0.000550,899.761340,90.239700
0.000320,899.742120,90.197600
0.000700,899.749190,90.180600
0.000970,899.830390,90.242590
0.000470,899.899300,90.224780
0.000580,899.895440,90.164290
0.000390,899.794070,90.231860
0.000680,899.773990,90.225240
0.000540,899.863400,90.199320
0.000550,899.862060,90.218020
0.000900,899.876620,90.220320
0.000880,899.796650,90.244230
0.000590,899.792900,90.211010
0.000340,899.717260,90.213680
0.000430,899.862840,90.150160
0.000810,899.841230,90.211490
0.000510,899.883430,90.182640
0.000300,899.784790,90.168970
0.000310,899.864530,90.176880
0.000500,899.860080,90.246050
0.000480,899.806650,90.240440
0.000910,899.765630,90.182450
0.000660,899.733070,90.227960
0.000460,899.725410,90.230000
0.000920,899.821810,90.247340
0.000600,899.893490,90.230450
0.000680,899.711940,90.225630
0.000770,899.717210,90.191360
0.000450,899.817550,90.198470
0.000340,899.752920,90.183200
0.000550,899.863390,90.215470
0.000790,899.851410,90.242650
0.000430,899.754440,90.161090
0.000740,899.750240,90.227880
0.000470,899.830810,90.223120
0.000860,899.774140,90.241860
0.000730,899.701020,90.159100
0.000860,899.863830,90.217620
0.000900,899.843200,90.193100
0.000670,899.899040,90.206560
0.000750,899.746040,90.214620
0.000340,899.788040,90.210710
0.000620,899.765720,90.248590
0.000880,899.774750,90.188200
0.000880,899.856110,90.183150
0.000750,899.870210,90.240500
0.000760,899.857610,90.215230
0.000620,899.830580,90.245250
0.000670,899.786500,90.202120
0.000960,899.854550,90.150990
0.000780,899.846940,90.174810
0.000900,899.873990,90.156590
0.000830,899.792540,90.196250
0.000620,899.769920,90.159860
0.000540,899.873490,90.176550
0.000720,899.801710,90.171620
0.000800,899.763670,90.189240
0.000500,899.762980,90.209070
0.000460,899.769990,90.209430
0.000720,899.748380,90.188310
0.000560,899.732620,90.168630
0.000670,899.795140,90.223300
0.000720,899.715030,90.233900
0.000390,899.841720,90.192980
0.000880,899.702730,90.219610
0.000800,899.776920,90.168840
0.000340,899.810410,90.245710
0.000630,899.879900,90.152560
0.000660,899.741820,90.242080
0.000990,899.812230,90.236550
0.000540,899.853030,90.232610
0.000350,899.761070,90.196280
0.000610,899.896010,90.236720
0.000420,899.731510,90.215230
0.000430,899.799530,90.182160
0.000450,899.745720,90.199740
0.000350,899.878430,90.213010
0.000500,899.734380,90.236390
0.000800,899.753640,90.237530
0.000960,899.848290,90.191750
0.000380,899.889840,90.159590
0.000590,899.838620,90.249430
0.000960,899.864660,90.206830
0.000680,899.882420,90.231260
0.000730,899.844460,90.244260
0.000340,899.832000,90.228370
0.000310,899.814630,90.218480
0.000420,899.753820,90.174670
0.000630,899.878700,90.150920
0.000550,899.751980,90.158690
0.000610,899.740560,90.238880
0.000490,899.841570,90.209760
0.000690,899.898060,90.170500
0.000690,899.705670,90.183150
0.000350,899.833550,90.156470
0.000910,899.837100,90.243790
0.000350,899.785380,90.236070
0.000940,899.837450,90.224740
0.000940,899.893250,90.238690
0.000680,899.730180,90.197970
0.000920,899.739190,90.231600
0.000360,899.887340,90.218790
0.000940,899.897530,90.244620
0.000440,899.784760,90.177290
0.000480,899.829090,90.238480
0.000940,899.726080,90.249850
0.000610,899.792840,90.153240
0.000450,899.720020,90.247930
0.000830,899.825500,90.195840
0.000360,899.749380,90.228010
0.000590,899.855090,90.233490
0.000790,899.889840,90.182590
0.000990,899.716740,90.170300
0.000500,899.829830,90.161310
0.000470,899.869480,90.225690
0.000480,899.897850,90.193530
0.000310,899.723530,90.186170
0.000530,899.715620,90.244120
0.000400,899.708320,90.162440
0.000910,899.801850,90.162250
0.000710,899.798010,90.227430
0.000540,899.886500,90.169820
0.000440,899.721930,90.231680
0.000990,899.808120,90.230660
0.000320,899.789010,90.223000
0.000330,899.763020,90.216910
0.000520,899.719830,90.189030
0.000930,899.707770,90.189300
0.000560,899.869600,90.194550
0.000350,899.776960,90.215030
0.000860,899.797290,90.239600
0.000370,899.765550,90.190100
0.000480,899.846870,90.235700
0.000800,899.747850,90.176380
0.000360,899.700260,90.219140
0.000620,899.800460,90.235760
0.000970,899.787190,90.165710
0.000760,899.860170,90.167930
0.000730,899.700130,90.239770
0.000310,899.700700,90.240780
0.000540,899.892120,90.179030
0.000720,899.700290,90.239080
0.000980,899.786610,90.161510
0.000800,899.801160,90.159930
0.000730,899.774700,90.173540
0.000400,899.773960,90.229120
0.000600,899.706610,90.157270
0.000400,899.841830,90.161020
0.000850,899.780520,90.171860
0.000670,899.894000,90.157600
0.000530,899.749160,90.170890
0.000500,899.762490,90.151690
0.000410,899.876620,90.213720
0.000340,899.859230,90.158730
0.001000,899.815120,90.195020
0.000550,899.702980,90.248770
0.000990,899.710190,90.150000
0.000980,899.732370,90.201650
0.000310,899.837630,90.208980
0.000330,899.753560,90.207710
0.000830,899.791750,90.217660
0.000740,899.724110,90.202810
0.000310,899.805090,90.185530
0.000550,899.745170,90.190500
0.000450,899.802420,90.172510
0.000560,899.813460,90.161890
0.000450,899.717560,90.237720
0.000450,899.736480,90.240310
0.000970,899.719680,90.244950
0.000560,899.869830,90.220680
0.000740,899.737040,90.166960
0.000370,899.828310,90.161360
0.000580,899.848040,90.205340
0.000690,899.791480,90.195430
0.000610,899.815440,90.180700
0.000730,899.723840,90.246890
0.000490,899.702860,90.198140
0.000830,899.784650,90.184250
0.000310,899.860840,90.235480
0.000310,899.851690,90.243480
0.000740,899.859850,90.197490
0.000650,899.813430,90.150950
0.000390,899.850970,90.186530
0.000850,899.779240,90.155960
0.000830,899.840500,90.207290
0.000320,899.781580,90.241210
0.000490,899.800860,90.204290
0.000640,899.729210,90.247280
0.000410,899.771980,90.222230
0.000760,899.881030,90.166110
0.000630,899.891910,90.180390
0.000770,899.877450,90.221330
0.000540,899.880740,90.185100
0.001000,899.738270,90.210030
0.000840,899.702300,90.185200
0.000540,899.704650,90.175430
0.000640,899.812080,90.182240
0.000760,899.765910,90.213990
0.000660,899.845340,90.170340
0.000880,899.733690,90.204950
0.000800,899.781360,90.232180
0.000460,899.803050,90.177040
0.000600,899.841860,90.157020
0.000520,899.868200,90.206990
0.000700,899.744860,90.206890
0.000830,899.797940,90.191780
0.000410,899.871540,90.195160
0.000600,899.809570,90.230880
0.000530,899.833190,90.214120
0.000660,899.828650,90.231640
0.000990,899.752030,90.202700
0.000310,899.737340,90.249700
0.000490,899.765780,90.210100
0.000620,899.819050,90.248100
0.000840,899.881500,90.175100
0.000910,899.784670,90.200270
0.000860,899.836000,90.189830
0.000710,899.766700,90.166420
0.000690,899.733440,90.167530
0.000490,899.878340,90.245650
0.000400,899.768830,90.233320
0.000850,899.785960,90.171310
0.000710,899.761030,90.176810
0.000780,899.885070,90.167580
0.000750,899.704130,90.237420
0.000900,899.736470,90.232100
0.000510,899.806740,90.183550
0.000970,899.787760,90.195520
0.000880,899.894830,90.158700
0.000910,899.725450,90.194010
0.000350,899.769770,90.174680
0.000910,899.702660,90.176150
0.000710,899.834210,90.216400
0.000690,899.859260,90.175500
0.000880,899.777310,90.159420
0.000940,899.814560,90.179360
0.000780,899.712970,90.152650
0.000440,899.755510,90.240050
0.000380,899.836650,90.209490
0.000960,899.860770,90.210300
0.000730,899.745120,90.167420
0.000310,899.822300,90.168920
0.000770,899.809410,90.189900
0.000410,899.712960,90.180430
0.000340,899.804930,90.218710
0.000590,899.886920,90.164090
0.000390,899.714930,90.225190
0.000740,899.868830,90.158560
0.000320,899.837470,90.219590
0.000770,899.739980,90.157300
0.000980,899.776800,90.209080
0.000710,899.765640,90.234490
0.000520,899.780990,90.234710
0.000530,899.758310,90.224750
0.000890,899.850230,90.189910
0.000490,899.768950,90.206410
0.000900,899.783820,90.165370
0.000510,899.732670,90.239040
0.000350,899.773480,90.170700
0.000330,899.768710,90.245570
0.000900,899.813340,90.249940
0.000990,899.883050,90.214770
0.000940,899.820310,90.193670
0.000720,899.772390,90.174760
0.000650,899.756090,90.193640
0.000470,899.849710,90.228200
0.000380,899.761200,90.205970
0.000410,899.873340,90.246660
0.000710,899.746420,90.176040
0.000690,899.880700,90.194730
0.000700,899.880620,90.195640
0.000740,899.881600,90.229890
0.000670,899.746320,90.238990
0.000360,899.735690,90.245190
0.000390,899.883010,90.230630
0.000840,899.798350,90.240670
0.000360,899.792780,90.242330
0.000780,899.861550,90.156930
0.000650,899.792520,90.157120
0.000840,899.762700,90.243120
0.000720,899.865170,90.198500
0.000800,899.884580,90.187130
0.000610,899.701780,90.218350
0.000300,899.852730,90.233320
0.000390,899.812230,90.160080
0.000480,899.714080,90.183710
0.000550,899.774070,90.196180
0.000760,899.777770,90.153130
0.000910,899.712850,90.173820
0.000850,899.884290,90.201530
0.000520,899.854960,90.166140
0.000560,899.793490,90.177980
0.000720,899.753030,90.220030
0.000860,899.883110,90.198750
0.000680,899.842300,90.218210
0.000550,899.859520,90.248520
0.000670,899.834900,90.200290
0.000820,899.819760,90.240570
0.000530,899.867050,90.213980
0.000860,899.788270,90.178660
0.000770,899.867390,90.185960
0.000960,899.761690,90.165490
0.000330,899.757080,90.197020
0.000340,899.795910,90.161600
0.000830,899.884290,90.162130
0.000620,899.878240,90.186160
0.000550,899.854840,90.193810
0.000820,899.894410,90.194100
0.000990,899.726390,90.201290
0.000930,899.829590,90.203650
0.000620,899.734320,90.173500
0.000700,899.755050,90.205420
0.000750,899.893070,90.190060
0.000980,899.802180,90.181030
0.000580,899.828340,90.247010
0.000980,899.715110,90.215090
0.000790,899.890940,90.248530
0.000910,899.840320,90.200460
0.000740,899.799210,90.195310
0.000350,899.842080,90.249910
0.000990,899.780680,90.179800
0.000720,899.797740,90.150860
0.000780,899.766470,90.182050
0.000560,899.790000,90.239980
0.000420,899.706590,90.159440
0.000720,899.844080,90.164100
0.000580,899.768310,90.158270
0.000520,899.813440,90.213540
0.000640,899.823280,90.225890
0.000310,899.852960,90.194030
0.000930,899.707440,90.228390
0.000330,899.705920,90.221210
0.000530,899.724320,90.185890
0.000530,899.753490,90.200320
0.000310,899.788790,90.230730
0.000740,899.725500,90.233330
0.000660,899.880130,90.222310
0.000480,899.781900,90.182220
0.000470,899.703440,90.159480
0.000330,899.879950,90.196180
0.000830,899.893660,90.199190
0.000740,899.822300,90.222780
0.000610,899.827030,90.247380
0.000310,899.872610,90.221320
0.000490,899.873870,90.200040
0.000330,899.875590,90.207370
0.000580,899.785390,90.154490
0.000660,899.808970,90.204320
0.000790,899.746710,90.172990
0.000450,899.789340,90.184950
0.000650,899.797370,90.154870
0.000450,899.780200,90.176570
0.000510,899.877820,90.165140
0.000840,899.819280,90.217500
0.000850,899.876190,90.181250
0.000380,899.765420,90.237070
0.000420,899.825750,90.155410
0.000700,899.755820,90.218690
0.000810,899.877450,90.199030
0.000390,899.785230,90.223430
0.000780,899.839870,90.204320
0.000580,899.706260,90.214910
0.000830,899.845820,90.205040
0.000890,899.747190,90.247730
0.000300,899.744540,90.204350
0.000900,899.718200,90.168360
0.000750,899.843300,90.217500
0.000860,899.790000,90.241280
0.000560,899.736100,90.231650
0.000380,899.840590,90.162260
0.000930,899.868330,90.185180
0.000690,899.854520,90.215040
0.000660,899.865530,90.249380
0.000630,899.756360,90.231500
0.000620,899.730810,90.179140
0.000420,899.853270,90.248890
0.000650,899.717110,90.241880
0.000770,899.791810,90.175150
0.000380,899.749460,90.190420
0.000770,899.721900,90.193660
0.000400,899.803090,90.238050
0.000880,899.845960,90.180230
0.000740,899.711850,90.184760
0.000640,899.717600,90.199880
0.000390,899.808710,90.179380
0.000540,899.718630,90.193290
0.000400,899.802300,90.192000
0.000950,899.817890,90.234470
0.000510,899.811050,90.219320
0.000540,899.730010,90.194700
0.000470,899.882910,90.246790
0.000330,899.713800,90.201970
0.000730,899.848090,90.151270
0.000580,899.826750,90.168590
0.000760,899.873030,90.234690
0.000740,899.759300,90.180820
0.000490,899.745290,90.218470
0.000370,899.713390,90.196280
0.000660,899.700130,90.233710
0.000580,899.860910,90.196520
0.000640,899.708910,90.208450
0.000470,899.768850,90.188690
0.000920,899.762720,90.233830
0.000620,899.857810,90.244530
0.000870,899.854380,90.227100
0.000340,899.791160,90.186010
0.000990,899.886050,90.225230
0.000400,899.721370,90.187400
0.000570,899.842910,90.211010
0.000830,899.732630,90.209680
0.000810,899.807910,90.234970
0.000430,899.719360,90.159320
0.000370,899.854330,90.170140
0.000340,899.791280,90.169250
0.000330,899.768770,90.195140
0.000650,899.711240,90.244840
0.000850,899.864940,90.237270
0.000870,899.862160,90.246180
0.000940,899.819360,90.230610
0.000490,899.843510,90.220060
0.000690,899.814750,90.179030
0.000520,899.710940,90.213780
0.000990,899.721970,90.234890
0.000330,899.854500,90.209400
0.000820,899.835490,90.177300
0.000850,899.743540,90.201680
0.000340,899.890830,90.163380
0.000310,899.805730,90.239780
0.000670,899.805330,90.217420
0.000460,899.702580,90.169960
0.000520,899.758630,90.216250
0.000940,899.788920,90.242210
0.000680,899.752560,90.195420
0.000350,899.851300,90.235150
0.000550,899.784420,90.180220
0.000860,899.867760,90.237230
0.000660,899.751250,90.241710
0.000310,899.750460,90.162280
0.000950,899.783780,90.233860
0.000910,899.802950,90.241670
0.000550,899.832720,90.176980
0.000580,899.765930,90.223520
0.000680,899.864040,90.223700
0.000510,899.795150,90.159150
0.000910,899.804230,90.245450
0.000900,899.847660,90.188580
0.000700,899.816140,90.249330
0.000790,899.723120,90.208360
0.000480,899.871760,90.239080
0.000570,899.810030,90.183450
0.000390,899.720870,90.225950
0.000430,899.737840,90.180520
0.000910,899.847640,90.229170
0.000670,899.746290,90.210050
0.000310,899.860930,90.195720
0.000490,899.865880,90.212930
0.000550,899.790740,90.151780
0.000490,899.831830,90.211670
0.000720,899.761420,90.169630
0.000530,899.769320,90.163680
0.000950,899.716040,90.202650
0.000930,899.735420,90.203880
0.000440,899.859860,90.202990
0.000740,899.805020,90.230210
0.000600,899.779110,90.213330
0.000510,899.743720,90.154170
0.000940,899.861690,90.160340
0.000730,899.721670,90.246500
0.000490,899.709290,90.204810
0.000950,899.829000,90.234840
0.000570,899.760320,90.179960
0.000910,899.773520,90.182280
0.000390,899.716210,90.215840
0.000530,899.863800,90.194820
0.000830,899.796900,90.229230
0.000670,899.826560,90.216900
0.000810,899.880010,90.184400
0.000680,899.862840,90.182130
0.000990,899.796640,90.157320
0.000710,899.760910,90.204350
0.000570,899.829250,90.246440
0.000760,899.773690,90.155170
0.000860,899.865550,90.186320
0.000710,899.702620,90.201850
0.000760,899.705120,90.153650
0.000320,899.829380,90.153910
0.000800,899.858230,90.203920
0.000640,899.773910,90.245920
0.000610,899.739930,90.229640
0.000330,899.791670,90.176480
0.000550,899.840300,90.212070
0.000990,899.810420,90.180340
0.000720,899.853920,90.199510
0.000690,899.862040,90.231960
0.000550,899.743610,90.200710
0.000920,899.863150,90.246860
0.000830,899.857540,90.187580
0.000710,899.839110,90.167180
0.000380,899.808860,90.239170
0.000720,899.849650,90.224770
0.000880,899.819610,90.221690
0.000630,899.714920,90.200130
0.000870,899.774980,90.151550
0.000890,899.798530,90.190250
0.000460,899.749470,90.152550
0.000740,899.825070,90.167940
0.000660,899.793530,90.177490
0.000920,899.819360,90.210740
0.000540,899.708610,90.226700
0.000320,899.860510,90.195460
0.000680,899.742090,90.239900
0.000400,899.791180,90.213150
0.000830,899.775140,90.180110
0.000870,899.737920,90.186540
0.000310,899.715030,90.162620
0.000500,899.799460,90.188460
0.000390,899.797590,90.168700
0.000560,899.820990,90.214410
0.000390,899.875320,90.237200
0.000680,899.895880,90.208220
0.000810,899.896080,90.171410
0.000530,899.889920,90.163590
0.000700,899.881750,90.186650
0.000730,899.842010,90.155430
0.000370,899.798130,90.207460
0.000620,899.732250,90.198230
0.000320,899.746980,90.222410
0.000310,899.721550,90.157360
0.000870,899.700290,90.172040
0.000910,899.764270,90.159570
0.000800,899.871750,90.248230
0.000720,899.790910,90.191940
0.000770,899.733150,90.173750
0.000350,899.855730,90.249700
0.000710,899.821040,90.246280
0.000690,899.766710,90.202940
0.000820,899.820750,90.150820
0.000880,899.852240,90.236990
0.000330,899.887080,90.241240
0.000580,899.814870,90.170330
0.000840,899.791590,90.164060
0.000930,899.883890,90.187480
0.000750,899.862870,90.231010
0.000370,899.723610,90.246810
0.000670,899.842710,90.231590
0.000960,899.796180,90.237880
0.000870,899.767250,90.230580
0.000730,899.762980,90.226820
0.000610,899.787000,90.222880
0.000860,899.782760,90.222970
0.000880,899.850350,90.192210
0.000370,899.806620,90.226730
0.000880,899.782190,90.189690
0.000380,899.833340,90.240480
0.000720,899.806660,90.178830
0.000690,899.799260,90.246460
0.000640,899.764130,90.202140
0.000330,899.710850,90.235140
0.000830,899.809500,90.182440
0.000610,899.859930,90.152760
0.000870,899.729390,90.163390
0.000600,899.871560,90.160620
0.000910,899.763090,90.237540
0.000730,899.861520,90.158600
0.000710,899.784160,90.186130
0.000560,899.868940,90.221770
0.000420,899.775560,90.205100
0.000410,899.745710,90.206190
0.000950,899.720240,90.158490
0.000590,899.786700,90.196890
0.000590,899.831120,90.165170
0.000380,899.711250,90.170510
0.000370,899.877010,90.227170
0.000570,899.766810,90.236760
0.000720,899.769660,90.152690
0.000590,899.718180,90.186070
0.000750,899.868460,90.201470
0.000980,899.851920,90.193190
0.000660,899.873370,90.194800
0.000660,899.887800,90.201770
0.000910,899.718870,90.176040
0.000730,899.894930,90.198290
0.000520,899.893690,90.157270
0.000520,899.765340,90.227550
0.000630,899.799220,90.218250
0.000490,899.835380,90.156570
0.000750,899.730780,90.221490
0.000370,899.713610,90.163410
0.000830,899.770840,90.208570
0.000400,899.897090,90.219390
0.000920,899.895680,90.153060
0.000930,899.899640,90.199760
0.000440,899.770430,90.230830
0.000620,899.790980,90.238170
0.000970,899.742000,90.214060
0.000950,899.778520,90.184780
0.000310,899.730460,90.184830
0.000510,899.837560,90.214780
0.000900,899.869190,90.188220
0.000890,899.899080,90.248590
0.000380,899.863470,90.199710
0.000620,899.876520,90.178160
0.000940,899.750660,90.165190
0.000860,899.803070,90.155590
0.000870,899.842300,90.207140
0.000800,899.718240,90.183130
0.000940,899.786430,90.187020
0.000370,899.790730,90.198970
0.000620,899.799640,90.227790
0.000830,899.838730,90.201570
0.000960,899.774380,90.230170
0.000470,899.868030,90.192900
0.000970,899.818190,90.182510
0.000350,899.845930,90.181220
0.000860,899.782390,90.188430
0.000330,899.744350,90.227360
0.000970,899.746070,90.193290
0.000970,899.776750,90.155190
0.000570,899.839530,90.205810
0.000890,899.749470,90.239320
0.000400,899.897090,90.151240
0.000600,899.753250,90.150580
0.000930,899.770890,90.244500
0.000870,899.720200,90.177840
0.000530,899.792730,90.163240
0.000630,899.843770,90.151240
0.000540,899.765110,90.194450
0.000750,899.784540,90.235220
0.000930,899.756170,90.190180
0.000640,899.857650,90.221560
0.000630,899.714750,90.193220
0.000380,899.770710,90.151730
0.000500,899.727530,90.198620
0.000480,899.795890,90.225000
0.000960,899.829270,90.218620
0.000950,899.815410,90.227240
0.000450,899.788240,90.218000
0.000870,899.839600,90.175630
0.000410,899.748700,90.181690
0.000680,899.871220,90.153860
0.000300,899.859750,90.204590
0.000770,899.800680,90.161930
0.000830,899.806880,90.223790
0.000440,899.716830,90.165200
0.000810,899.725100,90.210130
0.000370,899.888810,90.191440
0.000640,899.786200,90.203240
0.000930,899.747130,90.236650
0.000800,899.702750,90.175020
0.000640,899.782200,90.166690
0.000460,899.831080,90.190350
0.000980,899.884500,90.224820
0.000350,899.740290,90.164870
0.000710,899.792600,90.238310
0.001000,899.847860,90.177490
0.000770,899.837420,90.204740
0.000980,899.710730,90.240870
0.000800,899.888690,90.172470
0.000370,899.738870,90.175700
0.000810,899.865760,90.246250
0.000830,899.776110,90.209310
0.000770,899.829700,90.163070
0.000560,899.777860,90.195490
0.000530,899.871370,90.196020
0.000730,899.857020,90.194740
0.000720,899.707100,90.223700
0.000730,899.831890,90.199690
0.000890,899.819440,90.210820
0.000740,899.787300,90.203760
0.000360,899.760760,90.200060
0.000640,899.873920,90.235380
0.000300,899.742560,90.162160
0.000370,899.854470,90.197790
0.000800,899.792440,90.213640
0.000330,899.886020,90.178360
0.000490,899.889600,90.163260
0.000570,899.815170,90.176720
0.000320,899.895770,90.192530
0.000610,899.823870,90.205110
0.000800,899.707880,90.181640
0.000610,899.829480,90.170620
0.000900,899.797440,90.245170
0.000620,899.814060,90.240800
0.000870,899.726040,90.198490
0.000480,899.728110,90.216640
0.000400,899.734840,90.207720
0.000530,899.754000,90.199610
0.000930,899.876090,90.239150
0.000510,899.867660,90.166800
0.000860,899.879400,90.166800
0.000300,899.799040,90.197500
0.000340,899.804760,90.215460
0.000990,899.847790,90.242140
0.000350,899.886410,90.195380
0.000580,899.818910,90.171820
0.000930,899.763030,90.198710
0.000590,899.828340,90.154960
0.000360,899.766090,90.188450
0.000620,899.708350,90.189970
0.000560,899.705640,90.223760
0.000380,899.831280,90.162720
0.000410,899.803100,90.161990
0.000370,899.815370,90.205070
0.000850,899.784420,90.249320
0.000600,899.860780,90.167060
0.000580,899.732700,90.154990
0.000520,899.866110,90.213270
0.000530,899.756080,90.155090
0.000960,899.896590,90.210540
0.000790,899.729510,90.150340
0.000980,899.796730,90.240440
0.000480,899.878770,90.221510
0.000560,899.870150,90.153580
0.000440,899.711710,90.166150
0.000860,899.848650,90.195270
0.000740,899.896080,90.232700
0.001000,899.818890,90.154920
0.000580,899.738780,90.249620
0.000920,899.852200,90.200980
0.000970,899.715880,90.174720
0.000340,899.777290,90.240810
0.000570,899.804530,90.243580
0.000570,899.710810,90.200760
0.000600,899.833390,90.231020
0.000680,899.834730,90.206020
0.000590,899.875240,90.152480
0.000860,899.853450,90.201160
0.000960,899.821310,90.180140
0.000450,899.769410,90.179570
0.000670,899.895740,90.226800
0.000580,899.794220,90.169580
0.000680,899.890210,90.231030
0.000390,899.817140,90.202000
0.000660,899.866890,90.239130
0.000680,899.763300,90.213190
0.000650,899.889540,90.234000
0.000410,899.709690,90.173120
0.000570,899.819330,90.200150
0.000310,899.728170,90.249040
0.000810,899.797910,90.225400
0.000320,899.730380,90.216350
0.000650,899.795810,90.193360
0.000320,899.733300,90.160560
0.000350,899.822830,90.150100
0.000820,899.824530,90.183530
0.000320,899.796830,90.157680
0.000850,899.845700,90.171440
0.000610,899.861760,90.234860
0.000410,899.802200,90.161160
0.000980,899.812960,90.240780
0.000450,899.874580,90.209190
0.000560,899.727750,90.234040
0.000930,899.872330,90.194240
0.000530,899.710720,90.201500
0.000930,899.873920,90.240810
0.000640,899.880810,90.238220
0.000940,899.739350,90.195890
0.000600,899.884450,90.212530
0.000410,899.860360,90.178360
0.000780,899.803140,90.159860
0.000710,899.727720,90.195790
0.000560,899.803000,90.223660
0.000860,899.891120,90.215620
0.000910,899.797630,90.218670
0.000540,899.745070,90.237170
0.000420,899.765910,90.212100
0.000700,899.769310,90.155110
0.000750,899.863350,90.152070
0.000930,899.765780,90.221960
0.000760,899.804950,90.157020
0.000640,899.761040,90.154010
0.000750,899.796320,90.220020
0.000850,899.811450,90.225040
0.000490,899.750440,90.183030
0.000660,899.810660,90.235530
0.000310,899.828590,90.232960
0.000390,899.883330,90.230090
0.000330,899.817750,90.172580
0.000740,899.843570,90.228170
0.000440,899.788390,90.166510
0.000310,899.728550,90.245390
0.000830,899.809950,90.193660
0.000570,899.876050,90.210260
0.000390,899.819400,90.177500
0.000540,899.749550,90.219580
0.000680,899.804980,90.159520
0.000430,899.711360,90.231050
0.000320,899.700250,90.218990
0.000380,899.850880,90.179460
0.000900,899.861380,90.226230
0.000760,899.867730,90.175670
0.000650,899.836100,90.220500
0.000700,899.800600,90.169090
0.000430,899.747830,90.166730
0.000660,899.827970,90.155410
0.000570,899.874950,90.157740
0.000560,899.881680,90.227890
0.000650,899.742160,90.207840
0.000380,899.885100,90.238960
0.000940,899.864740,90.182700
0.000400,899.746600,90.174650
0.000530,899.740130,90.241440
0.000400,899.889600,90.220490
0.000770,899.803050,90.153580
0.000410,899.857830,90.173560
0.000690,899.859100,90.240120
0.000940,899.811640,90.185530
0.000640,899.819020,90.227550
0.000980,899.756810,90.205670
0.000440,899.775000,90.232460
0.000420,899.722990,90.158030
0.000770,899.778550,90.218370
0.000450,899.832290,90.234050
0.000700,899.713650,90.224550
0.000620,899.802910,90.230850
0.000360,899.700820,90.162850
0.000830,899.829900,90.151140
0.000530,899.769040,90.193520
0.000840,899.780930,90.183040
0.000640,899.810270,90.249970
0.000930,899.865190,90.198960
0.000410,899.877710,90.219390
0.000370,899.852630,90.201700
0.000380,899.774090,90.183590
0.000850,899.785080,90.192250
0.000680,899.766840,90.151490
0.000620,899.768690,90.244180
0.000890,899.736300,90.227230
0.000730,899.731100,90.235030
0.000630,899.825290,90.214490
0.000920,899.876580,90.224390
0.000520,899.874050,90.180440
0.000430,899.866030,90.153880
0.000880,899.850430,90.218610
0.000740,899.807160,90.215470
0.000910,899.728210,90.170970
0.000420,899.766870,90.214870
0.000920,899.844460,90.215810
0.000450,899.737080,90.224930
0.000820,899.887020,90.229430
0.000590,899.823360,90.187480
0.000480,899.825960,90.154500
0.000640,899.713800,90.218510
0.000670,899.760740,90.193270
0.000810,899.701200,90.211600
0.000940,899.869960,90.241060
0.000450,899.896810,90.197040
0.000680,899.845320,90.186110
0.000630,899.863960,90.227430
0.000770,899.870290,90.157540
0.000450,899.820140,90.195170
0.000690,899.704330,90.164280
0.000470,899.880280,90.159630
0.000360,899.723550,90.161540
0.000670,899.822460,90.200560
0.000700,899.746420,90.182920
0.000440,899.835090,90.164600
0.000990,899.869180,90.208640
0.000840,899.700570,90.222000
0.000840,899.819680,90.153160
0.000760,899.777060,90.242350
0.000310,899.752080,90.195050
0.000610,899.800060,90.164290
0.000470,899.734940,90.184970
0.000990,899.884420,90.214520
0.000440,899.883850,90.215870
0.000580,899.891670,90.217780
0.000810,899.767870,90.194350
0.000360,899.730670,90.158900
0.000960,899.838350,90.228190
0.000700,899.702680,90.192370
0.000670,899.881450,90.198580
0.000960,899.765980,90.182480
0.000950,899.830860,90.171820
0.000890,899.858390,90.164890
0.000700,899.783410,90.202560
0.000830,899.706500,90.212940
0.000570,899.787920,90.152000
0.000580,899.885000,90.239640
0.000820,899.723220,90.168260
0.000940,899.762880,90.154240
0.000900,899.700550,90.220510
0.000360,899.747570,90.231690
0.000750,899.728540,90.160870
0.000920,899.708350,90.249590
0.000740,899.845100,90.177830
0.000780,899.850910,90.245880
0.000650,899.830670,90.208950
0.000410,899.788530,90.160610
0.000710,899.857110,90.235410
0.000680,899.880500,90.214280
0.000370,899.702430,90.184890
0.000450,899.756580,90.243960
0.000490,899.828290,90.173930
0.000360,899.737840,90.239970
0.000320,899.831770,90.245870
0.000460,899.790540,90.169140
0.000430,899.720440,90.210410
0.000920,899.701290,90.151370
0.000610,899.893210,90.233590
0.000830,899.855850,90.206850
0.000480,899.736080,90.221830
0.000940,899.896820,90.196830
0.000850,899.810890,90.166120
0.000570,899.744280,90.194010
0.000360,899.745260,90.162820
0.000630,899.804720,90.154390
0.000710,899.703180,90.237430
0.000870,899.718560,90.213940
0.000690,899.846440,90.228720
0.000310,899.719970,90.182500
0.000720,899.824160,90.245450
0.000640,899.897890,90.232880
0.000800,899.738750,90.204960
0.000620,899.764520,90.182660
0.000910,899.701120,90.174170
0.000730,899.717350,90.151760
0.000700,899.896260,90.239050
0.000780,899.899920,90.202890
0.000670,899.799860,90.231280
0.000600,899.899580,90.197230
0.000960,899.761870,90.172490
0.000360,899.834490,90.213260
0.000830,899.743080,90.225600
0.000390,899.734800,90.166700
0.000750,899.724940,90.186600
0.000590,899.813410,90.173680
0.000540,899.847240,90.185560
0.000880,899.707510,90.162970
0.000630,899.747940,90.151610
0.000480,899.787380,90.233110
0.000810,899.893480,90.214390
0.000620,899.712400,90.191600
0.000350,899.823880,90.180560
0.000800,899.801590,90.234880
0.000480,899.853250,90.152320
0.000940,899.713100,90.188550
0.000640,899.896760,90.177380
0.000780,899.760590,90.169720
0.000900,899.894380,90.202500
0.000880,899.839210,90.220810
0.000420,899.835250,90.169280
0.000560,899.841690,90.209000
0.000670,899.708380,90.150050
0.000470,899.858240,90.225810
0.000470,899.703980,90.224150
0.000670,899.786220,90.231990
0.000880,899.710350,90.168200
0.000860,899.711250,90.160920
0.000660,899.779600,90.227540
0.000420,899.745700,90.205600
0.000610,899.876110,90.173070
0.000890,899.874130,90.156190
0.000500,899.833740,90.175180
0.000720,899.742550,90.161800
0.000310,899.700710,90.163240
0.000360,899.895240,90.222570
0.000680,899.722890,90.224950
0.000450,899.715260,90.161830
0.000540,899.876070,90.218170
0.000320,899.703760,90.196050
0.000990,899.897830,90.170310
0.000500,899.886400,90.240980
0.000910,899.810010,90.152220
0.000370,899.896370,90.232950
0.000570,899.710480,90.217460
0.000350,899.732220,90.225320
0.000720,899.791040,90.233700
0.000620,899.741520,90.227970
0.000370,899.898190,90.177240
0.000370,899.750230,90.226620
0.000840,899.711800,90.156080
0.000680,899.746990,90.179610
0.000980,899.844270,90.249930
0.000990,899.710820,90.212390
0.000950,899.725330,90.174610
0.000990,899.803510,90.230910
0.000630,899.775240,90.186950
0.000880,899.767100,90.219500
0.000630,899.819050,90.166230
0.000580,899.732020,90.182180
0.000850,899.813930,90.229450
0.000700,899.741590,90.181690
0.000310,899.708840,90.169560
0.000420,899.835510,90.248470
0.000630,899.884720,90.168760
0.000480,899.769360,90.241720
0.000770,899.886010,90.232030
0.000760,899.716670,90.210560
0.000380,899.862230,90.208210
0.000720,899.886760,90.222450
0.001000,899.728250,90.234680
0.000320,899.714580,90.189600
0.000920,899.728910,90.154770
0.000570,899.833340,90.212580
0.000870,899.820650,90.216900
0.000430,899.817070,90.235450
0.000570,899.752180,90.218890
0.000630,899.854970,90.217790
0.000680,899.730910,90.233030
0.000920,899.746120,90.207540
0.000430,899.791150,90.165680
0.000540,899.852240,90.181370
0.000540,899.843980,90.200240
0.000670,899.806300,90.191340
0.000900,899.805790,90.204130
0.000440,899.860130,90.229490
0.000980,899.850440,90.210470
0.000850,899.882890,90.151720
0.000920,899.732840,90.224020
0.000340,899.732990,90.209810
0.000410,899.729970,90.203970
0.000340,899.782120,90.175830
0.000920,899.718500,90.161960
0.000790,899.708600,90.202430
0.000800,899.872120,90.185650
0.000610,899.759510,90.213170
0.000440,899.768970,90.152470
0.000360,899.807420,90.217740
0.000520,899.846100,90.193380
0.000640,899.792030,90.187470
0.000980,899.892910,90.217420
0.000630,899.852090,90.238450
0.000750,899.733230,90.173290
0.000500,899.725740,90.188090
0.000610,899.783640,90.152710
0.000460,899.700450,90.186760
0.000420,899.813460,90.202540
0.000720,899.851760,90.155560
0.000690,899.866080,90.201420
0.000550,899.755780,90.238220
0.000320,899.788220,90.150650
0.000470,899.862800,90.194330
0.000800,899.723870,90.222400
0.000500,899.843840,90.217040
0.000790,899.733670,90.229140
0.000490,899.778900,90.206570
0.000950,899.851070,90.232680
0.000640,899.812740,90.172790
0.000500,899.882580,90.194730
0.000910,899.777220,90.195240
0.000860,899.770450,90.234460
0.000990,899.880060,90.195590
0.000490,899.777780,90.221540
0.000710,899.870170,90.176960
0.000850,899.881940,90.158430
0.000840,899.831940,90.237130
0.000760,899.760810,90.179190
0.000990,899.714470,90.179130
0.000710,899.811510,90.153050
0.000670,899.801960,90.153490
0.000760,899.899650,90.195920
0.000650,899.712930,90.155990
0.000860,899.724570,90.179150
0.000630,899.775340,90.244050
0.000870,899.764850,90.237800
0.000830,899.745460,90.220010
0.000500,899.889720,90.223490
0.000760,899.701340,90.222030
0.000330,899.858570,90.197300
0.000840,899.812530,90.163560
0.000760,899.786690,90.238860
0.000320,899.794180,90.160210
0.000640,899.700430,90.211870
0.000930,899.843640,90.170640
0.000490,899.736230,90.178120
0.000440,899.728160,90.226570
0.000840,899.822190,90.210950
0.000780,899.872420,90.226390
0.000790,899.858270,90.185590
0.000400,899.716550,90.204900
0.000940,899.709960,90.219710
0.000690,899.767340,90.196290
0.000320,899.700750,90.233520
0.000510,899.849380,90.220510
0.000450,899.800230,90.184070
0.000890,899.772110,90.156790
0.000870,899.702330,90.236030
0.000460,899.735530,90.190220
0.000850,899.866480,90.244410
0.000940,899.819030,90.213230
0.000420,899.802970,90.185830
0.000760,899.754380,90.150090
0.000460,899.843220,90.156630
0.000770,899.894990,90.220290
0.000560,899.827020,90.219290
0.000680,899.840320,90.235640
0.001000,899.850550,90.151130
0.000760,899.860760,90.238770
0.000310,899.831390,90.238610
0.001000,899.723630,90.180010
0.000990,899.839520,90.187600
0.000840,899.814440,90.232880
0.000860,899.841400,90.159120
0.000360,899.706990,90.209140
0.000980,899.702760,90.227610
0.000940,899.810170,90.170760
0.000680,899.743060,90.189610
0.000540,899.889090,90.249070
0.000650,899.764980,90.170280
0.000780,899.854260,90.153070
0.000420,899.891580,90.172760
0.000850,899.818030,90.223920
0.000440,899.881940,90.189750
0.000700,899.898120,90.228060
0.000870,899.793060,90.243720
0.000560,899.807000,90.231110
0.000530,899.824330,90.192950
0.000470,899.886400,90.235300
0.000720,899.750970,90.249950
0.000560,899.709370,90.209260
0.000920,899.771240,90.151570
0.000620,899.866560,90.184590
0.000840,899.792140,90.216820
0.000730,899.812270,90.224880
0.000320,899.841590,90.224110
0.000470,899.836700,90.194070
0.000790,899.803710,90.156620
0.000410,899.747390,90.226790
0.000990,899.889510,90.214440
0.000620,899.735800,90.153300
0.000730,899.861960,90.153060
0.000980,899.846650,90.210510
0.000350,899.769400,90.238820
0.000980,899.792350,90.187230
0.000510,899.748200,90.194700
0.000480,899.785860,90.178690
0.000980,899.804040,90.234700
0.000560,899.756630,90.155050
0.001000,899.827060,90.247790
0.000690,899.807810,90.180140
0.000930,899.818020,90.157920
0.000620,899.783700,90.156040
0.000990,899.864220,90.156680
0.000480,899.879510,90.202050
0.000520,899.700740,90.200260
0.000460,899.891670,90.247770
0.000390,899.787910,90.226470
0.000960,899.739580,90.213780
0.000920,899.705100,90.232080
0.000970,899.753490,90.248190
0.000690,899.812170,90.186740
0.000840,899.797850,90.244340
0.000410,899.816140,90.205290
0.000340,899.782350,90.198910
0.000800,899.863500,90.244120
0.000930,899.795230,90.227760
0.000720,899.794730,90.207660
0.000820,899.764220,90.210650
0.000960,899.739500,90.188290
0.000540,899.897350,90.217670
0.000510,899.882250,90.208320
0.000310,899.787150,90.211670
0.000440,899.715380,90.160160
0.000500,899.860390,90.180950
0.000430,899.802100,90.210300
0.000930,899.766050,90.232330
0.000780,899.844120,90.189300
0.000900,899.874100,90.236200
0.000480,899.860880,90.174770
0.000640,899.703620,90.212350
0.000570,899.714220,90.236220
0.000920,899.850710,90.241290
0.000810,899.781680,90.162100
0.000880,899.714610,90.244420
0.000860,899.798660,90.238610
0.000770,899.769420,90.214880
0.000830,899.871870,90.198460
0.000560,899.834010,90.182970
0.000850,899.722960,90.186850
0.000860,899.756080,90.161110
0.000860,899.773020,90.210680
0.000550,899.868600,90.238210
0.000510,899.832590,90.164580
0.001000,899.876210,90.209720
0.000470,899.702160,90.219810
0.000700,899.822590,90.159350
0.000390,899.856430,90.177120
0.000360,899.774240,90.185130
0.000950,899.894180,90.229780
0.000450,899.832490,90.156770
0.000940,899.825840,90.249010
0.000300,899.769890,90.169350
0.000830,899.745280,90.214280
0.000730,899.793710,90.197230
0.000380,899.744120,90.208410
0.000540,899.852400,90.232070
0.000480,899.859580,90.210880
0.000950,899.721860,90.170830
0.000310,899.883820,90.222290
0.000780,899.838550,90.192620
0.000350,899.799800,90.159960
0.000480,899.817430,90.189940
0.000850,899.811560,90.241840
0.000600,899.725530,90.189400
0.000880,899.791080,90.239100
0.000750,899.858620,90.168970
0.000440,899.789570,90.242220
0.000930,899.832280,90.208020
0.000650,899.860680,90.165500
0.000720,899.743340,90.236820
0.000570,899.863120,90.239870
0.000460,899.757940,90.165200
0.000550,899.700380,90.221070
0.000850,899.818910,90.211970
0.000350,899.857820,90.226040
0.000800,899.879450,90.162230
0.000710,899.879570,90.193790
0.000360,899.834570,90.209350
0.000340,899.796440,90.200950
0.000390,899.868360,90.160830
0.000700,899.754410,90.246010
0.000950,899.715130,90.236440
0.000760,899.851870,90.153870
0.000330,899.785480,90.200850
0.000560,899.792380,90.206330
0.000450,899.745470,90.236140
0.000860,899.773600,90.185010
0.000640,899.899220,90.213620
0.000800,899.741170,90.160770
0.000480,899.847580,90.157750
0.000970,899.787150,90.245570
0.000730,899.721080,90.164770
0.000520,899.728370,90.202930
0.000870,899.843950,90.176560
0.000690,899.869930,90.216700
0.000990,899.824440,90.219020
0.000360,899.752370,90.246780
0.000470,899.855320,90.224920
0.000370,899.744910,90.173370
0.000760,899.721640,90.221620
0.000820,899.871110,90.158370
0.000910,899.711950,90.192850
0.000590,899.886110,90.217260
0.000550,899.722730,90.167520
0.000780,899.766920,90.219680
0.000520,899.764780,90.204330
0.000740,899.881680,90.208480
0.000900,899.743270,90.199390
0.000590,899.794380,90.238390
0.000670,899.825450,90.216410
0.000510,899.720900,90.231580
0.000780,899.700630,90.244980
0.000410,899.775390,90.187180
0.000540,899.755160,90.168790
0.000710,899.759060,90.191590
0.000550,899.812870,90.163160
0.000970,899.763440,90.227900
0.000920,899.777210,90.163430
0.000920,899.720980,90.152430
0.000560,899.709070,90.205300
0.000930,899.721210,90.172630
0.000580,899.867260,90.217070
0.000300,899.795030,90.239890
0.000620,899.856960,90.233160
0.000920,899.774340,90.160350
0.000640,899.717120,90.226910
0.000330,899.780640,90.203260
0.000370,899.882130,90.162820
0.000470,899.886940,90.184910
0.000840,899.753170,90.211760
0.000360,899.812220,90.225540
0.000360,899.795210,90.212240
0.000810,899.761820,90.196050
0.000320,899.800380,90.161030
0.000700,899.726790,90.184360
0.000330,899.739010,90.238760
0.000510,899.756350,90.225280
0.000530,899.746860,90.195210
0.000320,899.706800,90.249050
0.000460,899.850150,90.152260
0.000620,899.818070,90.198280
0.000460,899.867690,90.199310
0.000890,899.817780,90.195280
0.000410,899.872580,90.212870
0.000970,899.892360,90.152820
0.000610,899.866970,90.198550
0.000790,899.816360,90.246920
0.000930,899.809530,90.191630
0.000540,899.885440,90.216630
0.000900,899.735370,90.249080
0.000370,899.820190,90.222550
0.000580,899.727360,90.201940
0.000940,899.882870,90.169220
0.000990,899.781640,90.190500
0.000690,899.808780,90.174750
0.000920,899.800630,90.193560
0.000340,899.887490,90.205810
0.000710,899.879200,90.222750
0.000520,899.888420,90.200350
0.000620,899.833180,90.169660
0.000640,899.776190,90.234790
0.000770,899.864670,90.245170
0.000870,899.888220,90.220140
0.000500,899.865730,90.196040
0.000680,899.879200,90.216660
0.000530,899.835450,90.186630
0.000600,899.794760,90.198600
0.000730,899.838240,90.218820
0.000430,899.862850,90.201170
0.000430,899.864590,90.209950
0.000690,899.835330,90.153840
0.000730,899.818280,90.205140
0.000770,899.796380,90.214350
0.000620,899.819140,90.197020
0.000780,899.811810,90.228560
0.000650,899.728040,90.179770
0.000390,899.804090,90.226420
0.000450,899.889140,90.171390
0.000900,899.802820,90.161860
0.000850,899.872730,90.160640
0.000750,899.767200,90.236370
0.000820,899.837540,90.180730
0.000400,899.784840,90.173490
0.000770,899.870820,90.216700
0.000360,899.862070,90.235820
0.000690,899.722610,90.234500
0.000430,899.733100,90.170390
0.000460,899.790870,90.178960
0.000580,899.745700,90.198970
0.000700,899.738760,90.232090
0.000380,899.720000,90.222850
0.000420,899.864490,90.213780
0.000840,899.754720,90.152530
0.000960,899.862790,90.224300
0.000900,899.789270,90.186200
0.000370,899.787040,90.181380
0.000450,899.716300,90.155070
0.000700,899.707300,90.201940
0.000770,899.882340,90.192650
0.000460,899.785780,90.198770
0.000770,899.710680,90.205820
0.000550,899.815380,90.216170
0.000420,899.773470,90.239760
0.000680,899.892110,90.160660
0.000630,899.802930,90.212060
0.000350,899.810850,90.156690
0.000400,899.849360,90.170470
0.000450,899.847170,90.168310
0.000580,899.722090,90.237550
0.000710,899.775200,90.189660
0.000680,899.757770,90.238500
0.000640,899.748570,90.169080
0.000650,899.786660,90.248020
0.000960,899.706220,90.186560
0.000670,899.846620,90.225140
0.000510,899.864090,90.150820
0.000440,899.771810,90.202560
0.000610,899.850360,90.167590
0.000410,899.816730,90.225430
0.000550,899.754800,90.215820
0.000720,899.890010,90.230720
0.000470,899.749320,90.167860
0.000460,899.842040,90.159370
0.000840,899.824910,90.245370
0.000590,899.842110,90.211530
0.000470,899.705030,90.213020
0.000840,899.734720,90.248230
0.000320,899.896770,90.240760
0.000730,899.759980,90.161540
0.000440,899.821430,90.233440
0.000540,899.783130,90.182140
0.000610,899.784960,90.203460
0.000910,899.840760,90.166940
0.000930,899.838070,90.198600
0.000760,899.830830,90.237760
0.000420,899.725680,90.211920
0.000780,899.781550,90.164500
0.000840,899.789700,90.201400
0.000330,899.761150,90.206070
0.000480,899.747040,90.246460
0.000880,899.831850,90.207000
0.000450,899.895600,90.212630
0.000600,899.831650,90.160510
0.000440,899.877490,90.191920
0.000680,899.781140,90.187750
0.000390,899.798720,90.185690
0.000410,899.782600,90.235160
0.000670,899.703630,90.229990
0.000760,899.794110,90.244820
0.000370,899.744250,90.218100
0.000370,899.763350,90.166340
0.000500,899.886750,90.157290
0.000570,899.740300,90.213460
0.000540,899.724180,90.161460
0.000650,899.790430,90.221400
0.000360,899.836980,90.204330
0.000560,899.848440,90.180210
0.000820,899.807750,90.162250
0.000910,899.719980,90.220130
0.000540,899.765990,90.200990
0.001000,899.700350,90.238890
0.000450,899.724240,90.231120
0.000750,899.801900,90.161240
0.000680,899.817380,90.182690
0.000920,899.819860,90.206510
0.000430,899.793620,90.207190
0.000610,899.794710,90.171750
0.000810,899.755170,90.227550
0.000820,899.898170,90.212330
0.000390,899.743560,90.172060
0.000860,899.872610,90.244050
0.000760,899.825380,90.203600
0.000450,899.837190,90.178300
0.000530,899.824100,90.160710
0.000310,899.868800,90.218860
0.000810,899.737030,90.155400
0.000890,899.893620,90.164810
0.000590,899.893060,90.237440
0.000770,899.727580,90.207780
0.000690,899.715860,90.173750
0.000860,899.734670,90.201070
0.000650,899.762630,90.208650
0.000360,899.709780,90.177320
0.000370,899.712110,90.181640
0.000890,899.863220,90.172950
0.000700,899.766620,90.161310
0.000420,899.733870,90.221300
0.000740,899.863910,90.170590
0.000320,899.745620,90.221120
0.000440,899.726980,90.182030
0.000580,899.745140,90.232830
0.000970,899.825170,90.229390
0.000470,899.787810,90.174000
0.000430,899.757840,90.245000
0.000330,899.716300,90.243230
0.000760,899.893790,90.162140
0.000400,899.715580,90.152350
0.000600,899.808000,90.157000
0.000320,899.758520,90.154150
0.000520,899.875350,90.187600
0.000350,899.732280,90.227970
0.000480,899.747510,90.244100
0.000570,899.723870,90.218120
0.000570,899.760540,90.161020
0.000310,899.819930,90.215990
0.000430,899.848040,90.163690
0.000740,899.876760,90.201910
0.000830,899.894880,90.189340
0.000370,899.875500,90.219610
0.000760,899.804800,90.187890
0.000780,899.722060,90.153170
0.000380,899.885200,90.240650
0.000590,899.824570,90.202840
0.000450,899.763270,90.164360
0.000990,899.843450,90.177530
0.000540,899.773660,90.193390
0.000850,899.771060,90.217570
0.000580,899.775970,90.201680
0.000640,899.713330,90.208770
0.000490,899.824870,90.219390
0.000560,899.825900,90.175880
0.000750,899.764780,90.209540
0.000970,899.738010,90.212370
0.000640,899.755290,90.197800
0.000960,899.737080,90.191280
0.000530,899.716120,90.210210
0.000640,899.875700,90.161800
0.000810,899.776400,90.221930
0.000460,899.876150,90.196900
0.000930,899.853080,90.151250
0.000750,899.712870,90.189100
0.000570,899.828700,90.197650
0.000610,899.803440,90.164960
0.000430,899.746360,90.227680
0.000610,899.883650,90.248670
0.000450,899.720070,90.235610
0.000740,899.874810,90.203190
0.000360,899.842400,90.229540
0.000430,899.813630,90.243220
0.000690,899.702700,90.155620
0.000450,899.722390,90.177290
0.000590,899.861810,90.161170
0.000320,899.764620,90.213630
0.000980,899.889500,90.238320
0.000630,899.716230,90.184500
0.000450,899.791420,90.169610
0.000920,899.825210,90.197340
0.000950,899.710140,90.197140
0.000790,899.886300,90.184970
0.000390,899.782150,90.207080
0.000380,899.884960,90.207840
0.000450,899.842340,90.229260
0.000410,899.748930,90.222070
0.000750,899.840130,90.198020
0.000570,899.717420,90.231210
0.000750,899.787470,90.245430
0.000330,899.770340,90.230690
0.000890,899.790820,90.156080
0.000950,899.796890,90.195790
0.000910,899.836960,90.231530
0.000440,899.841060,90.175260
0.000990,899.812850,90.222370
0.000640,899.853830,90.212040
0.000880,899.779780,90.215960
0.000970,899.809950,90.184570
0.000300,899.747410,90.185780
0.000410,899.882730,90.232860
0.000640,899.748470,90.194600
0.000770,899.829710,90.164350
0.000680,899.734200,90.220430
0.000400,899.842300,90.176230
0.000430,899.743120,90.153260
0.000780,899.740580,90.210620
0.000740,899.850670,90.181730
0.000680,899.730250,90.200840
0.000740,899.827720,90.211840
0.000450,899.829640,90.197190
0.000570,899.814030,90.163010
0.000340,899.803340,90.161850
0.000370,899.817340,90.157110
0.000800,899.892930,90.181200
0.000380,899.861500,90.185160
0.000450,899.828860,90.191450
0.000780,899.840960,90.237380
0.000500,899.869620,90.194760
0.000950,899.871600,90.210520
0.000460,899.856790,90.187770
0.000830,899.739500,90.179730
0.000720,899.830640,90.238540
0.000770,899.758280,90.177890
0.000550,899.832680,90.177620
0.000360,899.843970,90.192530
0.000530,899.870050,90.155230
0.000840,899.733480,90.164480
0.000450,899.877360,90.177220
0.000570,899.723060,90.190410
0.000760,899.858620,90.231210
0.000410,899.881360,90.232260
0.000900,899.745670,90.196560
0.000860,899.871580,90.226510
0.000860,899.728540,90.160280
0.000620,899.719250,90.196000
0.000420,899.762360,90.200400
0.000460,899.769090,90.196580
0.000480,899.814570,90.242410
0.000430,899.831800,90.215190
0.000570,899.840750,90.178050
0.000810,899.746090,90.156970
0.000850,899.855780,90.158820
0.000320,899.881490,90.194680
0.000320,899.752170,90.181120
0.000630,899.806220,90.224800
0.000520,899.775370,90.196860
0.000740,899.790450,90.248280
0.000320,899.762500,90.238380
0.000450,899.806020,90.212710
0.000350,899.721840,90.200720
0.000870,899.794490,90.217160
0.000420,899.787450,90.195630
0.000480,899.872020,90.208620
0.000380,899.738040,90.248650
0.000740,899.746010,90.183230
0.000600,899.752090,90.169820
0.000770,899.798140,90.200240
0.000360,899.816930,90.229630
0.000990,899.872300,90.194130
0.000960,899.790680,90.209710
0.000320,899.841680,90.184380
0.000590,899.826180,90.169240
0.000670,899.840650,90.213580
0.000400,899.740960,90.227010
0.000640,899.862430,90.246860
0.000430,899.708250,90.157420
0.000530,899.848490,90.179400
0.000900,899.785440,90.224600
0.000800,899.730040,90.162940
0.000540,899.780910,90.153610
0.000720,899.736190,90.176650
0.000770,899.786470,90.181870
0.000530,899.893650,90.174960
0.000850,899.825070,90.167230
0.000820,899.885010,90.167400
0.000720,899.831750,90.160450
0.000570,899.819520,90.181880
0.000540,899.755140,90.216320
0.000460,899.767240,90.229900
0.000350,899.875760,90.205320
0.000700,899.894160,90.155270
0.000330,899.761210,90.192200
0.000550,899.861620,90.218730
0.000600,899.797490,90.171160
0.000630,899.883620,90.196700
0.000410,899.848510,90.223080
0.000930,899.806140,90.237430
0.000990,899.841000,90.195250
0.000750,899.880350,90.213750
0.000700,899.770770,90.179560
0.000610,899.852200,90.213230
0.000410,899.793510,90.238350
0.000320,899.819460,90.233320
0.000320,899.785710,90.231470
0.000720,899.730700,90.232580
0.000790,899.776110,90.168120
0.000710,899.804960,90.226310
0.000930,899.852660,90.184060
0.000660,899.860050,90.225800
0.000530,899.837160,90.201650
0.000730,899.819130,90.241020
0.000900,899.728440,90.167980
0.000840,899.824380,90.186060
0.000910,899.890950,90.158010
0.000850,899.742770,90.221680
0.000400,899.897760,90.211030
0.000630,899.739480,90.213180
0.000330,899.762950,90.155240
0.000500,899.764100,90.238790
0.000370,899.706630,90.248590
0.000700,899.771540,90.234350
0.000780,899.712250,90.220290
0.000760,899.738490,90.230390
0.000430,899.812740,90.230060
0.000350,899.877640,90.222450
0.000340,899.769570,90.191560
0.000330,899.716740,90.224050
0.000530,899.815520,90.211550
0.000910,899.823180,90.168960
0.000660,899.847540,90.206280
0.000480,899.712690,90.162080
0.000450,899.843650,90.201410
0.000990,899.897830,90.192320
0.000530,899.763830,90.241000
0.000370,899.877050,90.185150
0.000800,899.888400,90.237600
0.000310,899.811440,90.194730
0.000380,899.859790,90.152550
0.000370,899.760450,90.188030
0.000900,899.830900,90.225020
0.000650,899.821810,90.205550
0.000820,899.754870,90.166300
0.000680,899.876560,90.170040
0.000700,899.860890,90.206010
0.000850,899.709200,90.172660
0.000720,899.818290,90.186170
0.000800,899.866230,90.199550
0.000900,899.752580,90.178000
0.000510,899.854820,90.178590
0.000320,899.837200,90.186000
0.000770,899.862130,90.192600
0.000930,899.773130,90.178190
0.000520,899.763280,90.213470
0.000960,899.838800,90.246490
0.000830,899.789410,90.183730
0.000330,899.849950,90.213730
0.000670,899.878780,90.185810
0.000520,899.723920,90.190340
0.000750,899.898700,90.150260
0.000690,899.724350,90.167000
0.000570,899.815230,90.197930
0.000740,899.749620,90.161550
0.000450,899.818940,90.199100
0.000630,899.876340,90.233540
0.000900,899.832630,90.159330
0.000510,899.740500,90.173160
0.000300,899.725530,90.229960
0.000690,899.835630,90.184580
0.000610,899.728100,90.184490
0.000360,899.721050,90.178380
0.000960,899.835770,90.175860
0.000920,899.742870,90.219540
0.000530,899.800550,90.210080
0.000960,899.765360,90.211870
0.000850,899.831310,90.217120
0.000870,899.892180,90.164490
0.000720,899.775490,90.161660
0.000640,899.757720,90.205160
0.000920,899.804290,90.198520
0.000350,899.761320,90.193390
0.000640,899.771390,90.189940
0.000890,899.734540,90.198420
0.000670,899.790630,90.193600
0.000350,899.778200,90.170180
0.000790,899.815230,90.182160
0.000360,899.729450,90.161750
0.000900,899.732740,90.219270
0.000620,899.760080,90.208600
0.000510,899.778370,90.189770
0.000350,899.779560,90.215820
0.000810,899.788130,90.221920
0.000530,899.767630,90.189370
0.000520,899.814150,90.248170
0.000320,899.810320,90.221340
0.000450,899.845380,90.200290
0.000600,899.739760,90.178590
0.000800,899.844270,90.203490
0.000920,899.778700,90.172040
0.000470,899.819570,90.242860
0.000950,899.714850,90.219390
0.000800,899.784450,90.201900
0.000570,899.741150,90.219290
0.000690,899.759240,90.226580
0.000650,899.860340,90.200770
0.000420,899.849480,90.184410
0.000530,899.722870,90.199390
0.000600,899.863160,90.248910
0.000780,899.860720,90.187130
0.000600,899.837840,90.234640
0.000530,899.798980,90.226720
0.000870,899.810680,90.181930
0.000310,899.717030,90.183950
0.000370,899.864440,90.153880
0.000910,899.833950,90.216200
0.000470,899.836210,90.184110
0.000590,899.831340,90.204480
0.000670,899.805790,90.226570
0.000410,899.762700,90.229100
0.000400,899.806380,90.171830
0.000620,899.768570,90.210300
0.000510,899.848980,90.218200
0.000330,899.851010,90.214690
0.000540,899.785400,90.230130
0.000750,899.759770,90.199260
0.000860,899.762020,90.209950
0.000810,899.719600,90.160540
0.000430,899.703850,90.236130
0.000330,899.789770,90.168610
0.000330,899.777940,90.150340
0.000500,899.719770,90.204460
0.000800,899.734640,90.179340
0.000770,899.704970,90.156650
0.000830,899.707650,90.211140
0.000450,899.855380,90.239250
0.000940,899.732790,90.197070
0.000580,899.888070,90.198080
0.000650,899.768170,90.223380
0.000620,899.765210,90.211830
0.000520,899.781390,90.233280
0.000980,899.821650,90.231270
0.000370,899.865590,90.242700
0.000840,899.746240,90.240490
0.000620,899.782040,90.210390
0.000530,899.845170,90.187120
0.000690,899.829750,90.225910
0.000730,899.849240,90.218890
0.000860,899.707070,90.169390
0.000840,899.768410,90.158030
0.000360,899.859420,90.246470
0.000330,899.704550,90.203450
0.000360,899.890660,90.189300
0.000620,899.717280,90.197480
0.000470,899.755710,90.151230
0.000890,899.888250,90.151910
0.000780,899.773560,90.226140
0.000330,899.777150,90.196370
0.000500,899.806130,90.160280
0.000940,899.850880,90.179930
0.000480,899.833530,90.196530
0.000780,899.795360,90.176910
0.000650,899.762890,90.233660
0.000850,899.794410,90.221040
0.000490,899.804770,90.232800
0.000800,899.826990,90.239420
0.000580,899.757440,90.186080
0.000910,899.892330,90.214400
0.000830,899.786060,90.239890
0.000490,899.888500,90.235550
0.000670,899.859260,90.208280
0.000430,899.758990,90.153780
0.000640,899.891410,90.185440
0.000580,899.845660,90.163310
0.000920,899.774270,90.174640
0.000440,899.742610,90.208170
0.000790,899.800150,90.158810
0.000560,899.842230,90.222130
0.000830,899.757300,90.193290
0.000410,899.836670,90.206950
0.000680,899.781080,90.210600
0.000630,899.747320,90.161970
0.000420,899.760250,90.156270
0.000520,899.859070,90.228860
0.000840,899.885540,90.217300
0.000330,899.814780,90.159040
0.000410,899.789600,90.218800
0.000390,899.785430,90.158540
0.000630,899.716560,90.170780
0.000470,899.807840,90.231340
0.000900,899.728810,90.202680
0.000810,899.803680,90.196030
0.000570,899.757640,90.186890
0.000370,899.825060,90.151560
0.000990,899.794050,90.233370
0.000360,899.753560,90.201650
0.000500,899.810830,90.243120
0.000920,899.732470,90.237270
0.000440,899.720930,90.244110
0.000480,899.796510,90.235280
0.000330,899.826430,90.233020
0.000530,899.846190,90.150120
0.000500,899.794380,90.240310
0.000870,899.794280,90.166100
0.000370,899.752880,90.204780
0.000730,899.803210,90.186290
0.000940,899.736890,90.160200
0.000690,899.815120,90.170640
0.000340,899.803420,90.227700
0.000540,899.772720,90.210440
0.000940,899.737020,90.202390
0.000500,899.765720,90.232790
0.000700,899.835990,90.164690
0.000390,899.893480,90.238220
0.000570,899.766470,90.234980
0.000400,899.863320,90.187080
0.000330,899.818690,90.237690
0.000870,899.703250,90.170090
0.000830,899.807580,90.240630
0.000740,899.810060,90.165430
0.000630,899.850470,90.246700
0.000400,899.885000,90.162320
0.000400,899.895290,90.179420
0.000790,899.800980,90.172490
0.000580,899.752680,90.207690
0.000620,899.854670,90.212480
0.000940,899.842720,90.226710
0.000820,899.820890,90.245290
0.001000,899.746880,90.230570
0.000980,899.899640,90.203850
0.000960,899.753190,90.212840
0.000580,899.870270,90.249340
0.000860,899.763760,90.178640
0.000660,899.809140,90.197460
0.000830,899.718060,90.207680
0.000630,899.721180,90.196170
0.000840,899.771090,90.207140
0.000880,899.761160,90.241060
0.000600,899.870080,90.241630
0.000740,899.809820,90.170950
0.000800,899.759730,90.200940
0.000900,899.835220,90.152320
0.000550,899.797920,90.249110
0.000440,899.705710,90.171620
0.000790,899.821850,90.155530
0.000770,899.782750,90.181970
0.000500,899.781310,90.216510
0.000780,899.878930,90.218730
0.000870,899.797130,90.157430
0.000520,899.802250,90.162740
0.000530,899.796690,90.193190
0.000860,899.712670,90.232610
0.000570,899.761560,90.195920
0.000730,899.789200,90.164360
0.000560,899.793610,90.174960
0.000460,899.888070,90.179890
0.000900,899.747620,90.196710
0.000550,899.741620,90.170720
0.000850,899.732940,90.205310
0.000870,899.892750,90.197400
0.000840,899.765260,90.247390
0.000930,899.859520,90.163290
0.000410,899.825170,90.208530
0.000590,899.761780,90.173880
0.000640,899.810620,90.165840
0.000900,899.860380,90.165300
0.000700,899.746460,90.236970
0.000450,899.738420,90.242720
0.000950,899.741130,90.231910
0.000590,899.843640,90.180630
0.000950,899.769720,90.184980
0.001000,899.700220,90.159830
0.000480,899.892360,90.198340
0.000520,899.746500,90.244610
0.000720,899.812140,90.201980
0.000620,899.819460,90.175180
0.000950,899.843240,90.206730
0.000540,899.898550,90.239830
0.000590,899.875400,90.155870
0.000830,899.737770,90.151190
0.000310,899.816390,90.228490
0.000410,899.829350,90.176580
0.000930,899.730110,90.239390
0.000760,899.894240,90.220770
0.000680,899.767870,90.207570
0.000940,899.764760,90.245030
0.000390,899.805510,90.235870
0.000310,899.721190,90.195030
0.000910,899.843240,90.193770
0.000990,899.862490,90.170890
0.000440,899.865930,90.174730
0.000700,899.817210,90.186990
0.000720,899.777590,90.172870
0.000900,899.734690,90.205970
0.000720,899.810900,90.167050
0.000750,899.861660,90.172420
0.000500,899.832070,90.226210
0.000860,899.767870,90.167740
0.000720,899.799960,90.153960
0.000340,899.711870,90.189670
0.000390,899.721950,90.161340
0.000460,899.828180,90.191030
0.000410,899.769920,90.237210
0.000550,899.813740,90.227220
0.000540,899.758810,90.164720
0.000440,899.771220,90.226460
0.000820,899.790490,90.210360
0.000520,899.719380,90.216450
0.000710,899.843190,90.234880
0.000610,899.718330,90.164530
0.000360,899.826270,90.241270
0.000670,899.778370,90.226590
0.000360,899.886790,90.214120
0.000710,899.703490,90.216840
0.000670,899.833420,90.226950
0.000480,899.719150,90.243530
0.000960,899.703150,90.194510
0.000780,899.825740,90.150940
0.000470,899.717960,90.159560
0.000830,899.885680,90.184840
0.000420,899.730380,90.212640
0.000330,899.753520,90.225230
0.000890,899.805670,90.169730
0.000730,899.834350,90.160360
0.000860,899.818230,90.212960
0.000970,899.720190,90.178710
0.000490,899.883190,90.166080
0.000860,899.837610,90.209580
0.000320,899.741310,90.229290
0.000970,899.794240,90.237960
0.000800,899.701830,90.234010
0.000630,899.760350,90.237070
0.000460,899.827420,90.243460
0.000340,899.849540,90.161550
0.000480,899.890640,90.244020
0.000640,899.782500,90.167050
0.000380,899.868370,90.249920
0.000700,899.784210,90.152340
0.000430,899.836910,90.201660
0.000990,899.857930,90.164300
0.000540,899.821600,90.242350
0.000680,899.849710,90.171520
0.000970,899.725600,90.236810
0.000390,899.841590,90.165630
0.000740,899.746360,90.186720
0.000670,899.867260,90.234540
0.000450,899.805680,90.181620
0.000800,899.780540,90.233000
0.000670,899.725520,90.159190
0.000850,899.843350,90.214260
0.000740,899.706940,90.195230
0.000740,899.800480,90.219150
0.000550,899.892650,90.197700
0.000470,899.752730,90.153740
0.000800,899.785190,90.199140
0.000870,899.802620,90.228950
0.000900,899.745220,90.212860
0.000770,899.890690,90.224170
0.000870,899.745930,90.225490
0.000540,899.839600,90.209630
0.000860,899.700260,90.184290
0.000960,899.789630,90.189420
0.000970,899.782430,90.232120
0.000490,899.885190,90.152500
0.000520,899.747310,90.182820
0.000360,899.884620,90.186080
0.000970,899.780670,90.247680
0.000730,899.797530,90.157950
0.000790,899.717120,90.238670
0.000370,899.754870,90.208890
0.000890,899.835470,90.219950
0.000420,899.854300,90.221390
0.000350,899.721830,90.165880
0.000950,899.815780,90.206530
0.000470,899.740950,90.162450
0.000500,899.877260,90.163080
0.000750,899.762660,90.242650
0.000900,899.749090,90.179230
0.000450,899.843790,90.219960
0.000920,899.808410,90.239070
0.000420,899.899490,90.152510
0.000360,899.848050,90.195730
0.000620,899.851510,90.169140
0.000410,899.756580,90.201030
0.000860,899.748320,90.207210
0.000900,899.813470,90.221420
0.000830,899.768410,90.212480
0.000860,899.790520,90.239660
0.000330,899.861880,90.160100
0.000800,899.736680,90.156290
0.000780,899.719280,90.230250
0.000360,899.791390,90.170080
0.000580,899.782160,90.179080
0.000690,899.700070,90.249290
0.000930,899.727740,90.231400
0.000530,899.806080,90.199940
0.000610,899.842430,90.168030
0.000660,899.852080,90.214650
0.000920,899.883580,90.217400
0.000520,899.876630,90.186130
0.000660,899.882530,90.219000
0.000840,899.741330,90.152380
0.000760,899.794370,90.230870
0.000560,899.713570,90.237240
0.000450,899.719090,90.176050
0.000920,899.887250,90.249980
0.000640,899.702540,90.244780
0.000900,899.784600,90.192760
0.000550,899.729560,90.230820
0.000490,899.769840,90.205730
0.000740,899.755910,90.231560
0.000400,899.736180,90.228940
0.000700,899.779290,90.170650
0.000840,899.773400,90.165880
0.000910,899.761530,90.244090
0.000630,899.700860,90.204750
0.000450,899.866810,90.193300
0.000660,899.832550,90.212570
0.000970,899.731970,90.185230
0.000350,899.736510,90.176700
0.000870,899.790240,90.166630
0.000660,899.771000,90.192750
0.000800,899.810960,90.235340
0.000900,899.859600,90.167010
0.000820,899.797140,90.247380
0.000550,899.886330,90.246800
0.000400,899.826910,90.163120
0.000480,899.890100,90.230120
0.000860,899.805780,90.223860
0.000740,899.829100,90.204410
0.000500,899.709330,90.205860
0.000570,899.716310,90.241050
0.000400,899.747590,90.190220
0.000690,899.758050,90.159230
0.000710,899.745100,90.224210
0.000710,899.851960,90.194350
0.000400,899.736070,90.159090
0.000310,899.891250,90.242680
0.000610,899.812930,90.205860
0.000560,899.724010,90.243830
0.000450,899.783400,90.228180
0.000540,899.777530,90.192780
0.000990,899.877280,90.174340
0.000630,899.899710,90.172720
0.000670,899.749620,90.190200
0.000330,899.790290,90.215680
0.000570,899.886220,90.194280
0.000950,899.793250,90.217830
0.000570,899.751190,90.225280
0.000820,899.865370,90.170870
0.000820,899.877730,90.173270
0.000940,899.800620,90.205950
0.000310,899.760360,90.162160
0.000790,899.790370,90.238430
0.000600,899.836720,90.231930
0.000330,899.785870,90.161650
0.000790,899.880610,90.217600
0.000640,899.803250,90.209380
0.000450,899.748060,90.223150
0.000400,899.787530,90.188390
0.000340,899.726230,90.181410
0.000450,899.741970,90.213310
0.000510,899.819490,90.162150
0.000740,899.797210,90.189170
0.000710,899.803010,90.161960
0.000490,899.887700,90.210730
0.000350,899.885020,90.225410
0.000300,899.793510,90.208960
0.000930,899.860560,90.236980
0.000530,899.898060,90.247370
0.000300,899.856340,90.154780
0.000970,899.803430,90.215310
0.000370,899.700250,90.151560
0.000790,899.813630,90.165150
0.000760,899.751350,90.239560
0.000900,899.860300,90.209520
0.000570,899.782440,90.202060
0.000370,899.824820,90.219190
0.000720,899.888650,90.192650
0.000740,899.716530,90.156970
0.000400,899.743480,90.222070
0.000850,899.767670,90.167220
0.000590,899.878550,90.181210
0.000410,899.774990,90.212050
0.000690,899.898710,90.158340
0.000910,899.891120,90.213490
0.000860,899.840510,90.182420
0.000690,899.783450,90.231410
0.000700,899.702080,90.150270
0.000610,899.728500,90.239590
0.000590,899.862780,90.188080
0.000330,899.858960,90.239370
0.000490,899.770400,90.153540
0.000860,899.722130,90.207950
0.000370,899.797700,90.191600
0.000750,899.847700,90.222250
0.000640,899.735220,90.235490
0.000360,899.899180,90.245700
0.000840,899.850710,90.216240
0.000520,899.772640,90.246810
0.000820,899.725680,90.198570
0.000690,899.761290,90.219880
0.000740,899.809950,90.208510
0.000920,899.860850,90.228870
0.000490,899.753390,90.178590
0.000890,899.759030,90.178280
0.000820,899.731950,90.226200
0.000640,899.766800,90.160710
0.000730,899.780530,90.189800
0.000590,899.790730,90.236690
0.000410,899.889150,90.180300
0.000820,899.829210,90.211090
0.000830,899.789870,90.183020
0.000940,899.789540,90.220740
0.000350,899.729770,90.185510
0.000690,899.761650,90.208340
0.000390,899.897380,90.196170
0.000320,899.818750,90.245030
0.000560,899.882230,90.206740
0.000970,899.891250,90.216380
0.000790,899.864360,90.159560
0.000410,899.883510,90.215920
0.000580,899.757910,90.238070
0.000630,899.850240,90.226170
0.000750,899.755570,90.242840
0.000770,899.810280,90.187920
0.000490,899.892960,90.188990
0.000830,899.803600,90.218930
0.000390,899.890840,90.194120
0.000500,899.811660,90.209180
0.000490,899.730230,90.249230
0.000400,899.777060,90.151730
0.000940,899.835260,90.219570
0.000800,899.895090,90.241020
0.000730,899.719240,90.159460
0.000630,899.890420,90.242190
0.000810,899.744530,90.179920
0.000950,899.864440,90.173430
0.000740,899.862600,90.155530
0.000890,899.795640,90.245330
0.000430,899.746950,90.171680
0.000350,899.738240,90.245360
0.000980,899.724090,90.177220
0.000350,899.824650,90.241760
0.000940,899.892820,90.207940
0.000690,899.767060,90.183920
0.000320,899.767460,90.242170
0.000450,899.826990,90.159490
0.000550,899.727330,90.162020
0.000740,899.736700,90.240760
0.000550,899.877140,90.179540
0.000780,899.863900,90.232090
0.000780,899.804310,90.166560
0.000450,899.874690,90.178440
0.000960,899.718270,90.206660
0.000960,899.883160,90.232920
0.000590,899.769370,90.163940
0.000940,899.785950,90.194810
0.000500,899.817460,90.217690
0.000340,899.751270,90.235260
0.000920,899.733330,90.246830
0.000570,899.798850,90.151550
0.000770,899.871300,90.205040
0.000800,899.805200,90.190330
0.000750,899.774450,90.162590
0.000720,899.721060,90.248730
0.000630,899.826190,90.161610
0.000920,899.768800,90.182360
0.000790,899.754830,90.203810
0.000520,899.772150,90.203980
0.000490,899.826750,90.246330
0.000880,899.702000,90.187030
0.000310,899.806740,90.232380
0.000750,899.729550,90.234800
0.000790,899.850020,90.208150
0.000430,899.853210,90.201320
0.000910,899.843510,90.211500
0.000420,899.862100,90.198930
0.000390,899.888180,90.218690
0.000850,899.866590,90.240370
0.000470,899.732990,90.246220
0.000360,899.832670,90.155840
0.000830,899.741490,90.161290
0.000900,899.734990,90.204120
0.000700,899.777530,90.210960
0.000490,899.721840,90.221620
0.000490,899.769260,90.240200
0.000400,899.823950,90.172290
0.000320,899.707120,90.165320
0.000970,899.874090,90.212040
0.000770,899.859380,90.212640
0.000900,899.877740,90.171060
0.000500,899.781720,90.246250
0.000900,899.770980,90.236590
0.000590,899.721210,90.240320
0.000740,899.832650,90.207580
0.000630,899.788870,90.245250
0.000620,899.819710,90.174940
0.000460,899.896420,90.212950
0.000440,899.814390,90.178700
0.000710,899.742370,90.214240
0.000550,899.812570,90.167670
0.000430,899.832530,90.239510
0.000970,899.714960,90.199750
0.000720,899.897210,90.202850
0.000300,899.703830,90.195840
0.000940,899.856060,90.210300
0.000710,899.706110,90.220300
0.000400,899.871830,90.172130
0.000940,899.877440,90.225670
0.000730,899.884650,90.172150
0.000400,899.735240,90.229310
0.000600,899.896710,90.218060
0.000420,899.716750,90.231690
0.000580,899.725630,90.174990
0.000960,899.870250,90.208120
0.000970,899.817400,90.222260
0.000880,899.766960,90.206200
0.000930,899.776390,90.189400
0.000900,899.723430,90.247960
0.000600,899.878070,90.244890
0.000320,899.778450,90.238040
0.000570,899.813260,90.161840
0.000910,899.702600,90.247010
0.000890,899.824280,90.206920
0.000900,899.874180,90.209550
0.000930,899.741940,90.231730
0.000490,899.843800,90.163530
0.000750,899.834970,90.195640
0.000580,899.831700,90.203960
0.000890,899.855190,90.162460
0.000470,899.838530,90.177210
0.000800,899.721490,90.245770
0.000680,899.790210,90.210110
0.000530,899.858260,90.174360
0.000550,899.896020,90.232290
0.000890,899.771350,90.191640
0.000510,899.843440,90.162240
0.000680,899.836570,90.186800
0.000380,899.731730,90.200690
0.000680,899.861250,90.198450
0.000860,899.734140,90.195800
0.000930,899.715200,90.167700
0.000580,899.807680,90.211090
0.000650,899.771510,90.238710
0.000750,899.797670,90.172050
0.000630,899.871450,90.227500
0.000540,899.774260,90.172160
0.000350,899.874130,90.181260
0.000890,899.702180,90.210070
0.000940,899.748550,90.226480
0.000630,899.802950,90.153030
0.000320,899.770120,90.218150
0.000320,899.723660,90.182230
0.000770,899.837930,90.218860
0.000810,899.793930,90.249950
0.000770,899.889770,90.172030
0.000510,899.710110,90.172280
0.000890,899.789380,90.236390
0.000950,899.726970,90.248890
0.000810,899.832890,90.188280
0.000730,899.812620,90.202090
0.000610,899.830030,90.198730
0.000510,899.744950,90.212880
0.000520,899.834620,90.230730
0.000380,899.861790,90.180370
0.000880,899.805890,90.225510
0.000860,899.732620,90.232960
0.000870,899.877500,90.249730
0.000420,899.732990,90.172860
0.000490,899.765300,90.206200
0.000850,899.792450,90.168570
0.000340,899.743020,90.237540
0.000400,899.752640,90.235230
0.000440,899.706500,90.153570
0.000860,899.846770,90.167660
0.000410,899.801020,90.202370
0.000320,899.803400,90.176490
0.000620,899.735400,90.227390
0.000690,899.780180,90.197910
0.000990,899.878390,90.199910
0.000620,899.853560,90.238770
0.000990,899.880660,90.166710
0.000740,899.865020,90.162120
0.000660,899.740950,90.154670
0.000530,899.705370,90.192170
0.000620,899.739650,90.248130
0.000520,899.879580,90.224970
0.000790,899.897230,90.245650
0.000970,899.868760,90.157530
0.000500,899.756790,90.184430
0.000500,899.744420,90.172110
0.000980,899.818880,90.235400
0.000950,899.724940,90.178160
0.000440,899.870250,90.215820
0.000420,899.723290,90.207500
0.000520,899.714360,90.157130
0.000630,899.715270,90.167560
0.000490,899.730020,90.204550
0.000710,899.874180,90.151450
0.000940,899.899880,90.190630
0.000770,899.882580,90.197740
0.000480,899.863960,90.212940
0.000850,899.741160,90.178730
0.000650,899.789700,90.161890
0.000660,899.703880,90.223580
0.000950,899.826260,90.236450
0.000380,899.833920,90.150180
0.000740,899.887160,90.196170
0.000920,899.703340,90.234060
0.000780,899.861940,90.188200
0.000330,899.853400,90.164500
0.000950,899.799020,90.239950
0.000930,899.783080,90.230970
0.000760,899.702120,90.192880
0.000520,899.724920,90.153590
0.000380,899.783250,90.227450
0.000700,899.721230,90.173030
0.000900,899.847430,90.233680
0.000930,899.833210,90.241420
0.000710,899.717770,90.204250
0.000900,899.763710,90.247240
0.000610,899.755600,90.174770
0.000840,899.721350,90.220160
0.000660,899.835710,90.209660
0.000420,899.740010,90.198420
0.000610,899.894670,90.205850
0.000300,899.886930,90.209650
0.000700,899.769690,90.216980
0.000760,899.831760,90.155710
0.000420,899.884580,90.190750
0.000730,899.835680,90.198960
0.000360,899.782260,90.230520
0.000440,899.764760,90.212920
0.000860,899.742710,90.174900
0.000840,899.788670,90.203410
0.000530,899.890760,90.220730
0.000590,899.852200,90.243170
0.000640,899.865680,90.192520
0.000740,899.858020,90.243300
0.000440,899.776110,90.245100
0.000800,899.706350,90.172170
0.000510,899.756290,90.177520
0.000350,899.797890,90.240750
0.000660,899.840100,90.187660
0.000940,899.889200,90.162310
0.000430,899.747550,90.155600
0.000740,899.823260,90.203320
0.000560,899.758420,90.197430
0.000610,899.858400,90.178120
0.000890,899.838290,90.213340
0.000310,899.846690,90.161880
0.000390,899.716120,90.188190
0.000560,899.759340,90.190140
0.000930,899.873470,90.170590
0.000970,899.800370,90.164630
0.000700,899.842770,90.213970
0.000450,899.870150,90.220930
0.000820,899.758550,90.229840
0.000340,899.792210,90.184190
0.000710,899.851740,90.200790
0.000410,899.894220,90.170340
0.000700,899.747190,90.226560
0.000930,899.795560,90.170820
0.000930,899.772300,90.165670
0.000300,899.737040,90.216750
0.000380,899.889360,90.189780
0.000940,899.799530,90.246900
0.000380,899.842620,90.150950
0.000540,899.874810,90.192920
0.000420,899.732890,90.157490
0.000430,899.818490,90.227500
0.000550,899.876940,90.240870
0.000330,899.838630,90.248560
0.000660,899.862930,90.248210
0.000760,899.717010,90.174150
0.000720,899.798810,90.166910
0.000710,899.858900,90.168810
0.000770,899.884110,90.204960
0.000710,899.705390,90.159210
0.000800,899.815870,90.207730
0.000390,899.764560,90.183670
0.000330,899.892480,90.230940
0.000410,899.774400,90.214130
0.000580,899.767220,90.186340
0.000950,899.789240,90.227520
0.000320,899.871700,90.212450
0.000310,899.806290,90.249490
0.000870,899.802660,90.157980
0.000990,899.783400,90.213360
0.000660,899.787860,90.216750
0.000790,899.890660,90.197550
0.000560,899.876750,90.164170
0.000420,899.765160,90.226050
0.000470,899.885670,90.219770
0.000900,899.817770,90.150190
0.000900,899.771320,90.215350
0.000730,899.733330,90.184660
0.000600,899.804050,90.173840
0.000820,899.899260,90.226760
0.000390,899.813110,90.227780
0.000650,899.726700,90.172300
0.000560,899.774980,90.234790
0.000470,899.804830,90.221550
0.000900,899.866750,90.204800
0.000910,899.860750,90.235640
0.000340,899.820050,90.152860
0.000340,899.856390,90.247310
0.000900,899.889690,90.179630
0.000650,899.722510,90.182830
0.000710,899.802290,90.159270
0.000530,899.708400,90.213830
0.000350,899.741700,90.203660
0.000440,899.854830,90.190860
0.000910,899.854590,90.231380
0.000400,899.748810,90.190510
0.000340,899.705950,90.244560
0.000890,899.775100,90.205960
0.000960,899.836580,90.173370
0.000440,899.887060,90.231530
0.000850,899.774560,90.191750
0.000490,899.779660,90.163290
0.000390,899.701600,90.182040
0.000700,899.780530,90.163180
0.000500,899.767740,90.196650
0.000780,899.853750,90.217260
0.000490,899.790040,90.185750
0.000400,899.825440,90.209110
0.000650,899.823840,90.169890
0.000470,899.827540,90.223320
0.000340,899.878930,90.203780
0.000610,899.748370,90.249010
0.000810,899.713910,90.205620
0.000420,899.768780,90.209560
0.000620,899.891380,90.226950
0.000830,899.882330,90.209990
0.000880,899.840340,90.214080
0.000720,899.723240,90.152750
0.000500,899.868680,90.169420
0.000620,899.855450,90.204650
0.000690,899.705690,90.170350
0.000660,899.718820,90.230380
0.000480,899.809310,90.156930
0.000830,899.843590,90.174230
0.000850,899.724480,90.212900
0.000710,899.895640,90.177320
0.000990,899.811230,90.233560
0.000860,899.793300,90.200110
0.000520,899.739090,90.232230
0.000610,899.875620,90.184060
0.000480,899.846810,90.201320
0.000510,899.754090,90.166820
0.000340,899.837770,90.200450
0.000650,899.763200,90.197210
0.000580,899.819670,90.210510
0.000930,899.897280,90.154710
0.000310,899.752370,90.231100
0.000920,899.861700,90.190560
0.000590,899.807850,90.165030
0.000460,899.766280,90.182340
0.000430,899.805150,90.170550
0.000630,899.749570,90.227720
0.000510,899.739060,90.249510
0.001000,899.711970,90.163090
0.000960,899.766030,90.219100
0.000590,899.772980,90.194040
0.000720,899.870590,90.218670
0.000440,899.804160,90.236930
0.000580,899.721790,90.217420
0.000470,899.735220,90.196250
0.000450,899.753490,90.223680
0.000700,899.715050,90.190690
0.000410,899.858520,90.175570
0.000390,899.767080,90.219720
0.000880,899.799250,90.236910
0.000610,899.785850,90.192930
0.000330,899.778120,90.185400
0.000500,899.723710,90.217150
0.000740,899.883990,90.232440
0.000330,899.840760,90.225680
0.000330,899.726690,90.248800
0.000750,899.852540,90.244640
0.000870,899.834130,90.154160
0.000920,899.811410,90.221210
0.000890,899.752090,90.243060
0.000510,899.836860,90.180570
0.000470,899.773490,90.194290
0.000640,899.733650,90.242480
0.000910,899.828340,90.208510
0.000520,899.830350,90.218070
0.000310,899.840470,90.168200
0.000710,899.862900,90.229710
0.000360,899.842760,90.229090
0.000820,899.736970,90.234950
0.000600,899.872640,90.201920
0.000880,899.866140,90.164510
0.000930,899.762770,90.226440
0.000310,899.819470,90.181820
0.000350,899.733920,90.154000
0.000490,899.754240,90.158570
0.000400,899.895850,90.171390
0.000320,899.786630,90.242050
0.000940,899.864220,90.228080
0.000910,899.817220,90.228880
0.000780,899.857210,90.167250
0.000340,899.807200,90.156500
0.000680,899.769670,90.178560
0.000510,899.736570,90.196190
0.000610,899.713320,90.193250
0.000600,899.870550,90.224670
0.000640,899.799720,90.216110
0.000810,899.830830,90.150480
0.000420,899.710750,90.158770
0.000720,899.858630,90.158820
0.000880,899.826520,90.155440
0.000810,899.889600,90.173830
0.000690,899.832510,90.210440
0.000700,899.701790,90.227600
0.000680,899.702080,90.233190
0.000540,899.765740,90.245270
0.000570,899.774160,90.169620
0.000450,899.865060,90.214890
0.000820,899.838210,90.157780
0.000710,899.745090,90.245580
0.000390,899.759130,90.244850
0.000910,899.838020,90.240940
0.000400,899.769130,90.200030
0.000700,899.850290,90.240950
0.000800,899.806310,90.190450
0.000440,899.768810,90.218620
0.000890,899.712850,90.205070
0.000880,899.730210,90.174730
0.000920,899.883510,90.214580
0.000460,899.724980,90.203620
0.000790,899.849890,90.151100
0.000570,899.833060,90.232680
0.000510,899.841310,90.161310
0.000980,899.797140,90.239870
0.000610,899.866270,90.158920
0.000930,899.773780,90.248360
0.000900,899.855050,90.239150
0.000730,899.717750,90.198200
0.000500,899.806420,90.155580
0.000980,899.784720,90.188470
0.000940,899.812960,90.172060
0.000740,899.853360,90.239220
0.000860,899.810030,90.156670
0.000880,899.705250,90.221390
0.000890,899.768270,90.214650
0.000520,899.744370,90.206750
0.000550,899.777920,90.218470
0.000370,899.813080,90.175150
0.000620,899.810350,90.198340
0.000570,899.760880,90.222160
0.000860,899.759600,90.207100
0.000790,899.883330,90.229590
0.000340,899.771750,90.222680
0.000640,899.741240,90.224530
0.000490,899.775910,90.183680
0.000530,899.755620,90.238390
0.000520,899.799030,90.187880
0.000810,899.851530,90.247330
0.000340,899.845230,90.154110
0.000840,899.883390,90.161210
0.000730,899.758080,90.150700
0.000930,899.748810,90.244200
0.000720,899.816260,90.243830
0.000660,899.854550,90.192990
0.000950,899.895850,90.183090
0.000780,899.749060,90.202080
0.000700,899.835010,90.156890
0.000740,899.884760,90.248320
0.000330,899.893040,90.241450
0.000790,899.771870,90.151550
0.000980,899.774550,90.207800
0.000770,899.770680,90.243870
0.000850,899.870320,90.161770
0.000740,899.876610,90.181780
0.000620,899.706220,90.240560
0.000830,899.791850,90.210520
0.000840,899.739640,90.215680
0.000300,899.710050,90.173020
0.000830,899.801080,90.228970
0.000990,899.852820,90.166830
0.000570,899.720010,90.211800
0.000970,899.875660,90.204700
0.000970,899.854660,90.155020
0.000910,899.714200,90.201960
0.000810,899.797580,90.169280
0.000690,899.811700,90.184270
0.000790,899.838900,90.164750
0.000750,899.804450,90.183820
0.000380,899.765580,90.214560
0.000400,899.872970,90.227470
0.000650,899.700060,90.185370
0.000750,899.730290,90.209140
0.000900,899.895450,90.187350
0.000530,899.763560,90.241540
0.000330,899.746110,90.206200
0.000500,899.866500,90.151810
0.000950,899.793110,90.160800
0.000550,899.809000,90.168010
0.000580,899.871960,90.240830
0.000950,899.864250,90.183440
0.000660,899.860040,90.247170
0.000770,899.821820,90.211430
0.000460,899.845410,90.170300
0.000480,899.738110,90.221340
0.000870,899.739790,90.173750
0.000790,899.848330,90.167370
0.000630,899.723680,90.152340
0.000430,899.731440,90.177960
0.000750,899.738400,90.153520
0.000360,899.808910,90.189420
0.000460,899.827180,90.202520
0.000830,899.885850,90.191050
0.000480,899.850480,90.151280
0.000530,899.741440,90.180140
0.000460,899.792780,90.215780
0.000680,899.794020,90.216750
0.000480,899.708950,90.241320
0.000790,899.725120,90.172730
0.000480,899.702070,90.158670
0.000700,899.830590,90.190500
0.000780,899.782810,90.226040
0.000760,899.831900,90.220150
0.000480,899.891940,90.249690
0.000400,899.826210,90.237590
0.000550,899.709520,90.239780
0.000370,899.891250,90.215520
0.000830,899.865410,90.150780
0.000310,899.704030,90.152100
0.000420,899.856220,90.212380
0.000570,899.805750,90.223390
0.000940,899.880980,90.248720
0.000410,899.719060,90.190330
0.000880,899.760140,90.204850
0.000890,899.714270,90.200410
0.000840,899.720150,90.196800
0.000960,899.847930,90.218820
0.000930,899.703910,90.184310
0.000440,899.780680,90.152380
0.000340,899.817180,90.221710
0.000760,899.866340,90.225300
0.000890,899.810230,90.190480
0.000570,899.861980,90.189270
0.000430,899.745510,90.213880
0.000940,899.726020,90.245020
0.000660,899.800440,90.219480
0.000740,899.795240,90.217840
0.000650,899.754810,90.246230
0.000830,899.806480,90.219380
0.000980,899.895820,90.193180
0.000420,899.866280,90.155620
0.000600,899.892770,90.153370
0.000910,899.819230,90.186640
0.000600,899.771180,90.237620
0.000600,899.761230,90.178710
0.000660,899.726070,90.202270
0.000320,899.768040,90.229170
0.000830,899.865230,90.184010
0.000680,899.882850,90.154940
0.000830,899.705360,90.231300
0.000940,899.827610,90.221250
0.000720,899.838660,90.169420
0.000540,899.727500,90.159650
0.000450,899.725700,90.203700
0.000430,899.725270,90.226810
0.000380,899.728290,90.161610
0.000400,899.715840,90.191500
0.000560,899.875160,90.221310
0.000960,899.791330,90.212570
0.000460,899.877800,90.199690
0.000960,899.884960,90.164040
0.000630,899.892900,90.185540
0.000880,899.732570,90.174690
0.000570,899.886860,90.183060
0.000410,899.847360,90.219660
0.000380,899.728550,90.223500
0.000800,899.756530,90.176010
0.000610,899.851710,90.222890
0.000940,899.783160,90.185930
0.000470,899.732280,90.210630
0.000900,899.758200,90.182680
0.000390,899.888820,90.182910
0.000900,899.788340,90.238870
0.000910,899.722650,90.243480
0.000870,899.722000,90.228520
0.000400,899.888240,90.167110
0.000810,899.876790,90.174950
0.000380,899.721590,90.222790
0.000420,899.868570,90.228710
0.000960,899.729040,90.214660
0.000950,899.889080,90.218320
0.000990,899.887750,90.213350
0.000600,899.771310,90.229860
0.000450,899.863990,90.220630
0.000830,899.872100,90.180150
0.000600,899.836390,90.227130
0.000680,899.797740,90.205140
0.000940,899.711170,90.221600
0.000630,899.828360,90.204610
0.000610,899.794060,90.216750
0.000880,899.790560,90.225920
0.000630,899.839360,90.167130
0.000600,899.896650,90.218450
0.000900,899.786300,90.180830
0.000680,899.754750,90.187400
